<?xml version="1.0" encoding="UTF-8" standalone="yes"?>
<session xmlns="http://phon.ling.mun.ca/ns/phonbank" id="QL1" corpus="Plantillas" version="PB1.2">
    <header>
        <date>2019-05-01</date>
    </header>
    <participants/>
    <transcribers/>
    <userTiers>
        <userTier tierName="Type" grouped="false"/>
    </userTiers>
    <tierOrder>
        <tier tierName="Orthography" visible="true" locked="false" font="default"/>
        <tier tierName="IPA Target" visible="true" locked="false" font="default"/>
        <tier tierName="IPA Actual" visible="true" locked="false" font="default"/>
        <tier tierName="Notes" visible="true" locked="false" font="default"/>
        <tier tierName="Segment" visible="true" locked="false" font="default"/>
        <tier tierName="Type" visible="true" locked="false" font="Charis SIL-PLAIN-12"/>
    </tierOrder>
    <transcript>
        <u id="3c8456e3-a1b4-4d11-bc4f-f532d6ad7d02" excludeFromSearches="false">
            <orthography>
                <g>
                    <w>yate</w>
                </g>
            </orthography>
            <ipaTier form="model">
                <pg>
                    <w>ˈʝate</w>
                    <sb>
                        <ph indexes="0" scType="SS"/>
                        <ph indexes="1" scType="O"/>
                        <ph indexes="2" scType="N" hiatus="true"/>
                        <ph indexes="3" scType="O"/>
                        <ph indexes="4" scType="N" hiatus="true"/>
                    </sb>
                </pg>
            </ipaTier>
            <ipaTier form="actual">
                <pg>
                    <w></w>
                    <sb/>
                </pg>
            </ipaTier>
            <alignment type="segmental">
                <ag length="4">
                    <phomap value="0 -1"/>
                    <phomap value="1 -1"/>
                    <phomap value="2 -1"/>
                    <phomap value="3 -1"/>
                </ag>
            </alignment>
            <segment startTime="0.0" duration="0.0" unitType="ms"/>
            <notes tierName="Notes">1</notes>
            <flatTier tierName="Type">PA</flatTier>
        </u>
        <u id="15e75b51-4972-437a-a125-b30b63804fc9" excludeFromSearches="false">
            <orthography>
                <g>
                    <w>nolu</w>
                </g>
            </orthography>
            <ipaTier form="model">
                <pg>
                    <w>ˈnolu</w>
                    <sb>
                        <ph indexes="0" scType="SS"/>
                        <ph indexes="1" scType="O"/>
                        <ph indexes="2" scType="N" hiatus="true"/>
                        <ph indexes="3" scType="O"/>
                        <ph indexes="4" scType="N" hiatus="true"/>
                    </sb>
                </pg>
            </ipaTier>
            <ipaTier form="actual">
                <pg>
                    <w></w>
                    <sb/>
                </pg>
            </ipaTier>
            <alignment type="segmental">
                <ag length="4">
                    <phomap value="0 -1"/>
                    <phomap value="1 -1"/>
                    <phomap value="2 -1"/>
                    <phomap value="3 -1"/>
                </ag>
            </alignment>
            <segment startTime="0.0" duration="0.0" unitType="ms"/>
            <notes tierName="Notes">2</notes>
            <flatTier tierName="Type">NPu</flatTier>
        </u>
        <u id="5e9d9632-a2df-47a8-89c9-bc7d3b89950f" excludeFromSearches="false">
            <orthography>
                <g>
                    <w>vafe</w>
                </g>
            </orthography>
            <ipaTier form="model">
                <pg>
                    <w>ˈbafe</w>
                    <sb>
                        <ph indexes="0" scType="SS"/>
                        <ph indexes="1" scType="O"/>
                        <ph indexes="2" scType="N" hiatus="true"/>
                        <ph indexes="3" scType="O"/>
                        <ph indexes="4" scType="N" hiatus="true"/>
                    </sb>
                </pg>
            </ipaTier>
            <ipaTier form="actual">
                <pg>
                    <w></w>
                    <sb/>
                </pg>
            </ipaTier>
            <alignment type="segmental">
                <ag length="4">
                    <phomap value="0 -1"/>
                    <phomap value="1 -1"/>
                    <phomap value="2 -1"/>
                    <phomap value="3 -1"/>
                </ag>
            </alignment>
            <segment startTime="0.0" duration="0.0" unitType="ms"/>
            <notes tierName="Notes">3</notes>
            <flatTier tierName="Type">NPr</flatTier>
        </u>
        <u id="de474191-93d0-4713-836c-2c86c1befe77" excludeFromSearches="false">
            <orthography>
                <g>
                    <w>título</w>
                </g>
            </orthography>
            <ipaTier form="model">
                <pg>
                    <w>ˈtitulo</w>
                    <sb>
                        <ph indexes="0" scType="SS"/>
                        <ph indexes="1" scType="O"/>
                        <ph indexes="2" scType="N" hiatus="true"/>
                        <ph indexes="3" scType="O"/>
                        <ph indexes="4" scType="N" hiatus="true"/>
                        <ph indexes="5" scType="O"/>
                        <ph indexes="6" scType="N" hiatus="true"/>
                    </sb>
                </pg>
            </ipaTier>
            <ipaTier form="actual">
                <pg>
                    <w></w>
                    <sb/>
                </pg>
            </ipaTier>
            <alignment type="segmental">
                <ag length="6">
                    <phomap value="0 -1"/>
                    <phomap value="1 -1"/>
                    <phomap value="2 -1"/>
                    <phomap value="3 -1"/>
                    <phomap value="4 -1"/>
                    <phomap value="5 -1"/>
                </ag>
            </alignment>
            <segment startTime="0.0" duration="0.0" unitType="ms"/>
            <notes tierName="Notes">4</notes>
            <flatTier tierName="Type">PA</flatTier>
        </u>
        <u id="97242ccb-1231-46e4-98e7-129d3a17854a" excludeFromSearches="false">
            <orthography>
                <g>
                    <w>mode</w>
                </g>
            </orthography>
            <ipaTier form="model">
                <pg>
                    <w>ˈmode</w>
                    <sb>
                        <ph indexes="0" scType="SS"/>
                        <ph indexes="1" scType="O"/>
                        <ph indexes="2" scType="N" hiatus="true"/>
                        <ph indexes="3" scType="O"/>
                        <ph indexes="4" scType="N" hiatus="true"/>
                    </sb>
                </pg>
            </ipaTier>
            <ipaTier form="actual">
                <pg>
                    <w></w>
                    <sb/>
                </pg>
            </ipaTier>
            <alignment type="segmental">
                <ag length="4">
                    <phomap value="0 -1"/>
                    <phomap value="1 -1"/>
                    <phomap value="2 -1"/>
                    <phomap value="3 -1"/>
                </ag>
            </alignment>
            <segment startTime="0.0" duration="0.0" unitType="ms"/>
            <notes tierName="Notes">5</notes>
            <flatTier tierName="Type">NPr</flatTier>
        </u>
        <u id="b8c6a4b6-4df7-4211-bf24-7be287c935be" excludeFromSearches="false">
            <orthography>
                <g>
                    <w>peno</w>
                </g>
            </orthography>
            <ipaTier form="model">
                <pg>
                    <w>ˈpeno</w>
                    <sb>
                        <ph indexes="0" scType="SS"/>
                        <ph indexes="1" scType="O"/>
                        <ph indexes="2" scType="N" hiatus="true"/>
                        <ph indexes="3" scType="O"/>
                        <ph indexes="4" scType="N" hiatus="true"/>
                    </sb>
                </pg>
            </ipaTier>
            <ipaTier form="actual">
                <pg>
                    <w></w>
                    <sb/>
                </pg>
            </ipaTier>
            <alignment type="segmental">
                <ag length="4">
                    <phomap value="0 -1"/>
                    <phomap value="1 -1"/>
                    <phomap value="2 -1"/>
                    <phomap value="3 -1"/>
                </ag>
            </alignment>
            <segment startTime="0.0" duration="0.0" unitType="ms"/>
            <notes tierName="Notes">6</notes>
            <flatTier tierName="Type">NPr</flatTier>
        </u>
        <u id="307e5c6a-8a7a-42f6-b0ed-e60688503507" excludeFromSearches="false">
            <orthography>
                <g>
                    <w>Jera</w>
                </g>
            </orthography>
            <ipaTier form="model">
                <pg>
                    <w>ˈxeɾa</w>
                    <sb>
                        <ph indexes="0" scType="SS"/>
                        <ph indexes="1" scType="O"/>
                        <ph indexes="2" scType="N" hiatus="true"/>
                        <ph indexes="3" scType="O"/>
                        <ph indexes="4" scType="N" hiatus="true"/>
                    </sb>
                </pg>
            </ipaTier>
            <ipaTier form="actual">
                <pg>
                    <w></w>
                    <sb/>
                </pg>
            </ipaTier>
            <alignment type="segmental">
                <ag length="4">
                    <phomap value="0 -1"/>
                    <phomap value="1 -1"/>
                    <phomap value="2 -1"/>
                    <phomap value="3 -1"/>
                </ag>
            </alignment>
            <segment startTime="0.0" duration="0.0" unitType="ms"/>
            <notes tierName="Notes">7</notes>
            <flatTier tierName="Type">NPr</flatTier>
        </u>
        <u id="b5d11a31-b742-484d-9ee6-d2353c727c91" excludeFromSearches="false">
            <orthography>
                <g>
                    <w>paletilla</w>
                </g>
            </orthography>
            <ipaTier form="model">
                <pg>
                    <w>paleˈtiʝa</w>
                    <sb>
                        <ph indexes="0" scType="O"/>
                        <ph indexes="1" scType="N" hiatus="true"/>
                        <ph indexes="2" scType="O"/>
                        <ph indexes="3" scType="N" hiatus="true"/>
                        <ph indexes="4" scType="SS"/>
                        <ph indexes="5" scType="O"/>
                        <ph indexes="6" scType="N" hiatus="true"/>
                        <ph indexes="7" scType="O"/>
                        <ph indexes="8" scType="N" hiatus="true"/>
                    </sb>
                </pg>
            </ipaTier>
            <ipaTier form="actual">
                <pg>
                    <w></w>
                    <sb/>
                </pg>
            </ipaTier>
            <alignment type="segmental">
                <ag length="8">
                    <phomap value="0 -1"/>
                    <phomap value="1 -1"/>
                    <phomap value="2 -1"/>
                    <phomap value="3 -1"/>
                    <phomap value="4 -1"/>
                    <phomap value="5 -1"/>
                    <phomap value="6 -1"/>
                    <phomap value="7 -1"/>
                </ag>
            </alignment>
            <segment startTime="0.0" duration="0.0" unitType="ms"/>
            <notes tierName="Notes">8</notes>
            <flatTier tierName="Type">PA</flatTier>
        </u>
        <u id="2509b0ec-c0a6-49e7-887e-473b8fb7c8a3" excludeFromSearches="false">
            <orthography>
                <g>
                    <w>carrofa</w>
                </g>
            </orthography>
            <ipaTier form="model">
                <pg>
                    <w>caˈrofa</w>
                    <sb>
                        <ph indexes="0" scType="O"/>
                        <ph indexes="1" scType="N" hiatus="true"/>
                        <ph indexes="2" scType="SS"/>
                        <ph indexes="3" scType="O"/>
                        <ph indexes="4" scType="N" hiatus="true"/>
                        <ph indexes="5" scType="O"/>
                        <ph indexes="6" scType="N" hiatus="true"/>
                    </sb>
                </pg>
            </ipaTier>
            <ipaTier form="actual">
                <pg>
                    <w></w>
                    <sb/>
                </pg>
            </ipaTier>
            <alignment type="segmental">
                <ag length="6">
                    <phomap value="0 -1"/>
                    <phomap value="1 -1"/>
                    <phomap value="2 -1"/>
                    <phomap value="3 -1"/>
                    <phomap value="4 -1"/>
                    <phomap value="5 -1"/>
                </ag>
            </alignment>
            <segment startTime="0.0" duration="0.0" unitType="ms"/>
            <notes tierName="Notes">9</notes>
            <flatTier tierName="Type">NPr</flatTier>
        </u>
        <u id="093ca29c-7b32-4b7c-8c3d-40038b8359bf" excludeFromSearches="false">
            <orthography>
                <g>
                    <w>mapo</w>
                </g>
            </orthography>
            <ipaTier form="model">
                <pg>
                    <w>ˈmapo</w>
                    <sb>
                        <ph indexes="0" scType="SS"/>
                        <ph indexes="1" scType="O"/>
                        <ph indexes="2" scType="N" hiatus="true"/>
                        <ph indexes="3" scType="O"/>
                        <ph indexes="4" scType="N" hiatus="true"/>
                    </sb>
                </pg>
            </ipaTier>
            <ipaTier form="actual">
                <pg>
                    <w></w>
                    <sb/>
                </pg>
            </ipaTier>
            <alignment type="segmental">
                <ag length="4">
                    <phomap value="0 -1"/>
                    <phomap value="1 -1"/>
                    <phomap value="2 -1"/>
                    <phomap value="3 -1"/>
                </ag>
            </alignment>
            <segment startTime="0.0" duration="0.0" unitType="ms"/>
            <notes tierName="Notes">10</notes>
            <flatTier tierName="Type">NPu</flatTier>
        </u>
        <u id="acf95e2c-93f9-48bc-8cae-47602bc7f8be" excludeFromSearches="false">
            <orthography>
                <g>
                    <w>chulo</w>
                </g>
            </orthography>
            <ipaTier form="model">
                <pg>
                    <w>ˈʧulo</w>
                    <sb>
                        <ph indexes="0" scType="SS"/>
                        <ph indexes="1" scType="O"/>
                        <ph indexes="2" scType="N" hiatus="true"/>
                        <ph indexes="3" scType="O"/>
                        <ph indexes="4" scType="N" hiatus="true"/>
                    </sb>
                </pg>
            </ipaTier>
            <ipaTier form="actual">
                <pg>
                    <w></w>
                    <sb/>
                </pg>
            </ipaTier>
            <alignment type="segmental">
                <ag length="4">
                    <phomap value="0 -1"/>
                    <phomap value="1 -1"/>
                    <phomap value="2 -1"/>
                    <phomap value="3 -1"/>
                </ag>
            </alignment>
            <segment startTime="0.0" duration="0.0" unitType="ms"/>
            <notes tierName="Notes">11</notes>
            <flatTier tierName="Type">PA</flatTier>
        </u>
        <u id="72434611-1f65-4f50-84a2-363dc9e23f8b" excludeFromSearches="false">
            <orthography>
                <g>
                    <w>pabarino</w>
                </g>
            </orthography>
            <ipaTier form="model">
                <pg>
                    <w>paβ̞aɾino</w>
                    <sb>
                        <ph indexes="0" scType="O"/>
                        <ph indexes="1" scType="N" hiatus="true"/>
                        <ph indexes="2 3" scType="O"/>
                        <ph indexes="4" scType="N" hiatus="true"/>
                        <ph indexes="5" scType="O"/>
                        <ph indexes="6" scType="N" hiatus="true"/>
                        <ph indexes="7" scType="O"/>
                        <ph indexes="8" scType="N" hiatus="true"/>
                    </sb>
                </pg>
            </ipaTier>
            <ipaTier form="actual">
                <pg>
                    <w></w>
                    <sb/>
                </pg>
            </ipaTier>
            <alignment type="segmental">
                <ag length="8">
                    <phomap value="0 -1"/>
                    <phomap value="1 -1"/>
                    <phomap value="2 -1"/>
                    <phomap value="3 -1"/>
                    <phomap value="4 -1"/>
                    <phomap value="5 -1"/>
                    <phomap value="6 -1"/>
                    <phomap value="7 -1"/>
                </ag>
            </alignment>
            <segment startTime="0.0" duration="0.0" unitType="ms"/>
            <notes tierName="Notes">12</notes>
            <flatTier tierName="Type">NPu</flatTier>
        </u>
        <u id="412cd266-4fbf-45c6-afef-75584b36c76b" excludeFromSearches="false">
            <orthography>
                <g>
                    <w>copadi</w>
                </g>
            </orthography>
            <ipaTier form="model">
                <pg>
                    <w>koˈpað̞i</w>
                    <sb>
                        <ph indexes="0" scType="O"/>
                        <ph indexes="1" scType="N" hiatus="true"/>
                        <ph indexes="2" scType="SS"/>
                        <ph indexes="3" scType="O"/>
                        <ph indexes="4" scType="N" hiatus="true"/>
                        <ph indexes="5 6" scType="O"/>
                        <ph indexes="7" scType="N" hiatus="true"/>
                    </sb>
                </pg>
            </ipaTier>
            <ipaTier form="actual">
                <pg>
                    <w></w>
                    <sb/>
                </pg>
            </ipaTier>
            <alignment type="segmental">
                <ag length="6">
                    <phomap value="0 -1"/>
                    <phomap value="1 -1"/>
                    <phomap value="2 -1"/>
                    <phomap value="3 -1"/>
                    <phomap value="4 -1"/>
                    <phomap value="5 -1"/>
                </ag>
            </alignment>
            <segment startTime="0.0" duration="0.0" unitType="ms"/>
            <notes tierName="Notes">13</notes>
            <flatTier tierName="Type">NPu</flatTier>
        </u>
        <u id="c69ec5f6-eee3-4c28-9155-491f77e66373" excludeFromSearches="false">
            <orthography>
                <g>
                    <w>liga</w>
                </g>
            </orthography>
            <ipaTier form="model">
                <pg>
                    <w>ˈliɣ̞a</w>
                    <sb>
                        <ph indexes="0" scType="SS"/>
                        <ph indexes="1" scType="O"/>
                        <ph indexes="2" scType="N" hiatus="true"/>
                        <ph indexes="3 4" scType="O"/>
                        <ph indexes="5" scType="N" hiatus="true"/>
                    </sb>
                </pg>
            </ipaTier>
            <ipaTier form="actual">
                <pg>
                    <w></w>
                    <sb/>
                </pg>
            </ipaTier>
            <alignment type="segmental">
                <ag length="4">
                    <phomap value="0 -1"/>
                    <phomap value="1 -1"/>
                    <phomap value="2 -1"/>
                    <phomap value="3 -1"/>
                </ag>
            </alignment>
            <segment startTime="0.0" duration="0.0" unitType="ms"/>
            <notes tierName="Notes">14</notes>
            <flatTier tierName="Type">PA</flatTier>
        </u>
        <u id="7da8ff4d-e12d-4fd6-86c0-a4a552fb2d0e" excludeFromSearches="false">
            <orthography>
                <g>
                    <w>beyolu</w>
                </g>
            </orthography>
            <ipaTier form="model">
                <pg>
                    <w>beˈʝolu</w>
                    <sb>
                        <ph indexes="0" scType="O"/>
                        <ph indexes="1" scType="N" hiatus="true"/>
                        <ph indexes="2" scType="SS"/>
                        <ph indexes="3" scType="O"/>
                        <ph indexes="4" scType="N" hiatus="true"/>
                        <ph indexes="5" scType="O"/>
                        <ph indexes="6" scType="N" hiatus="true"/>
                    </sb>
                </pg>
            </ipaTier>
            <ipaTier form="actual">
                <pg>
                    <w></w>
                    <sb/>
                </pg>
            </ipaTier>
            <alignment type="segmental">
                <ag length="6">
                    <phomap value="0 -1"/>
                    <phomap value="1 -1"/>
                    <phomap value="2 -1"/>
                    <phomap value="3 -1"/>
                    <phomap value="4 -1"/>
                    <phomap value="5 -1"/>
                </ag>
            </alignment>
            <segment startTime="0.0" duration="0.0" unitType="ms"/>
            <notes tierName="Notes">15</notes>
            <flatTier tierName="Type">NPu</flatTier>
        </u>
        <u id="5fa0ce66-64f6-49ad-81b8-2c8ac236b8c9" excludeFromSearches="false">
            <orthography>
                <g>
                    <w>soteto</w>
                </g>
            </orthography>
            <ipaTier form="model">
                <pg>
                    <w>soˈteto</w>
                    <sb>
                        <ph indexes="0" scType="O"/>
                        <ph indexes="1" scType="N" hiatus="true"/>
                        <ph indexes="2" scType="SS"/>
                        <ph indexes="3" scType="O"/>
                        <ph indexes="4" scType="N" hiatus="true"/>
                        <ph indexes="5" scType="O"/>
                        <ph indexes="6" scType="N" hiatus="true"/>
                    </sb>
                </pg>
            </ipaTier>
            <ipaTier form="actual">
                <pg>
                    <w></w>
                    <sb/>
                </pg>
            </ipaTier>
            <alignment type="segmental">
                <ag length="6">
                    <phomap value="0 -1"/>
                    <phomap value="1 -1"/>
                    <phomap value="2 -1"/>
                    <phomap value="3 -1"/>
                    <phomap value="4 -1"/>
                    <phomap value="5 -1"/>
                </ag>
            </alignment>
            <segment startTime="0.0" duration="0.0" unitType="ms"/>
            <notes tierName="Notes">16</notes>
            <flatTier tierName="Type">NPu</flatTier>
        </u>
        <u id="2811ceec-f24c-4294-927c-31885eef9e6c" excludeFromSearches="false">
            <orthography>
                <g>
                    <w>marejaza</w>
                </g>
            </orthography>
            <ipaTier form="model">
                <pg>
                    <w>maɾeˈxaθa</w>
                    <sb>
                        <ph indexes="0" scType="O"/>
                        <ph indexes="1" scType="N" hiatus="true"/>
                        <ph indexes="2" scType="O"/>
                        <ph indexes="3" scType="N" hiatus="true"/>
                        <ph indexes="4" scType="SS"/>
                        <ph indexes="5" scType="O"/>
                        <ph indexes="6" scType="N" hiatus="true"/>
                        <ph indexes="7" scType="O"/>
                        <ph indexes="8" scType="N" hiatus="true"/>
                    </sb>
                </pg>
            </ipaTier>
            <ipaTier form="actual">
                <pg>
                    <w></w>
                    <sb/>
                </pg>
            </ipaTier>
            <alignment type="segmental">
                <ag length="8">
                    <phomap value="0 -1"/>
                    <phomap value="1 -1"/>
                    <phomap value="2 -1"/>
                    <phomap value="3 -1"/>
                    <phomap value="4 -1"/>
                    <phomap value="5 -1"/>
                    <phomap value="6 -1"/>
                    <phomap value="7 -1"/>
                </ag>
            </alignment>
            <segment startTime="0.0" duration="0.0" unitType="ms"/>
            <notes tierName="Notes">17</notes>
            <flatTier tierName="Type">NPr</flatTier>
        </u>
        <u id="fe0b4175-db64-4be6-ad94-ac014fa54e7c" excludeFromSearches="false">
            <orthography>
                <g>
                    <w>Número</w>
                </g>
            </orthography>
            <ipaTier form="model">
                <pg>
                    <w>ˈnumeɾo</w>
                    <w></w>
                    <sb>
                        <ph indexes="0" scType="SS"/>
                        <ph indexes="1" scType="O"/>
                        <ph indexes="2" scType="N" hiatus="true"/>
                        <ph indexes="3" scType="O"/>
                        <ph indexes="4" scType="N" hiatus="true"/>
                        <ph indexes="5" scType="O"/>
                        <ph indexes="6" scType="N" hiatus="true"/>
                        <ph indexes="7" scType="WB"/>
                    </sb>
                </pg>
            </ipaTier>
            <ipaTier form="actual">
                <pg>
                    <w></w>
                    <sb/>
                </pg>
            </ipaTier>
            <alignment type="segmental">
                <ag length="6">
                    <phomap value="0 -1"/>
                    <phomap value="1 -1"/>
                    <phomap value="2 -1"/>
                    <phomap value="3 -1"/>
                    <phomap value="4 -1"/>
                    <phomap value="5 -1"/>
                </ag>
            </alignment>
            <segment startTime="0.0" duration="0.0" unitType="ms"/>
            <notes tierName="Notes">18</notes>
            <flatTier tierName="Type">PA</flatTier>
        </u>
        <u id="5c786b00-9727-4dae-881b-0ef5e7ec25de" excludeFromSearches="false">
            <orthography>
                <g>
                    <w>Capítubo</w>
                </g>
            </orthography>
            <ipaTier form="model">
                <pg>
                    <w>kaˈpituβ̞o</w>
                    <sb>
                        <ph indexes="0" scType="O"/>
                        <ph indexes="1" scType="N" hiatus="true"/>
                        <ph indexes="2" scType="SS"/>
                        <ph indexes="3" scType="O"/>
                        <ph indexes="4" scType="N" hiatus="true"/>
                        <ph indexes="5" scType="O"/>
                        <ph indexes="6" scType="N" hiatus="true"/>
                        <ph indexes="7 8" scType="O"/>
                        <ph indexes="9" scType="N" hiatus="true"/>
                    </sb>
                </pg>
            </ipaTier>
            <ipaTier form="actual">
                <pg>
                    <w></w>
                    <sb/>
                </pg>
            </ipaTier>
            <alignment type="segmental">
                <ag length="8">
                    <phomap value="0 -1"/>
                    <phomap value="1 -1"/>
                    <phomap value="2 -1"/>
                    <phomap value="3 -1"/>
                    <phomap value="4 -1"/>
                    <phomap value="5 -1"/>
                    <phomap value="6 -1"/>
                    <phomap value="7 -1"/>
                </ag>
            </alignment>
            <segment startTime="0.0" duration="0.0" unitType="ms"/>
            <notes tierName="Notes">19</notes>
            <flatTier tierName="Type">NPr</flatTier>
        </u>
        <u id="441a65fd-2ca6-4539-8b53-ac9dcdb65e01" excludeFromSearches="false">
            <orthography>
                <g>
                    <w>Vica</w>
                </g>
            </orthography>
            <ipaTier form="model">
                <pg>
                    <w>ˈbika</w>
                    <sb>
                        <ph indexes="0" scType="SS"/>
                        <ph indexes="1" scType="O"/>
                        <ph indexes="2" scType="N" hiatus="true"/>
                        <ph indexes="3" scType="O"/>
                        <ph indexes="4" scType="N" hiatus="true"/>
                    </sb>
                </pg>
            </ipaTier>
            <ipaTier form="actual">
                <pg>
                    <w></w>
                    <sb/>
                </pg>
            </ipaTier>
            <alignment type="segmental">
                <ag length="4">
                    <phomap value="0 -1"/>
                    <phomap value="1 -1"/>
                    <phomap value="2 -1"/>
                    <phomap value="3 -1"/>
                </ag>
            </alignment>
            <segment startTime="0.0" duration="0.0" unitType="ms"/>
            <notes tierName="Notes">20</notes>
            <flatTier tierName="Type">NPr</flatTier>
        </u>
        <u id="f211e54e-a725-47c4-9c77-b821696894ee" excludeFromSearches="false">
            <orthography>
                <g>
                    <w>Tibo</w>
                </g>
            </orthography>
            <ipaTier form="model">
                <pg>
                    <w></w>
                    <sb/>
                </pg>
            </ipaTier>
            <ipaTier form="actual">
                <pg>
                    <w></w>
                    <sb/>
                </pg>
            </ipaTier>
            <alignment type="segmental">
                <ag length="0"/>
            </alignment>
            <segment startTime="0.0" duration="0.0" unitType="ms"/>
            <notes tierName="Notes">21</notes>
            <flatTier tierName="Type">NPu</flatTier>
        </u>
        <u id="5dd6bcaf-1671-4890-9073-44ca517f24bb" excludeFromSearches="false">
            <orthography>
                <g>
                    <w>Calli</w>
                </g>
            </orthography>
            <ipaTier form="model">
                <pg>
                    <w></w>
                    <sb/>
                </pg>
            </ipaTier>
            <ipaTier form="actual">
                <pg>
                    <w></w>
                    <sb/>
                </pg>
            </ipaTier>
            <alignment type="segmental">
                <ag length="0"/>
            </alignment>
            <segment startTime="0.0" duration="0.0" unitType="ms"/>
            <notes tierName="Notes">22</notes>
            <flatTier tierName="Type">NP3</flatTier>
        </u>
        <u id="33d78918-d9a6-47e9-b94d-24aff06bef89" excludeFromSearches="false">
            <orthography>
                <g>
                    <w>Fovollena</w>
                </g>
            </orthography>
            <ipaTier form="model">
                <pg>
                    <w></w>
                    <sb/>
                </pg>
            </ipaTier>
            <ipaTier form="actual">
                <pg>
                    <w></w>
                    <sb/>
                </pg>
            </ipaTier>
            <alignment type="segmental">
                <ag length="0"/>
            </alignment>
            <segment startTime="0.0" duration="0.0" unitType="ms"/>
            <notes tierName="Notes">23</notes>
            <flatTier tierName="Type">NPu</flatTier>
        </u>
    </transcript>
</session>
