<?xml version="1.0" encoding="UTF-8" standalone="yes"?>
<session xmlns="http://phon.ling.mun.ca/ns/phonbank" id="QL1" corpus="Plantillas" version="PB1.2">
    <header>
        <date>2019-05-01</date>
    </header>
    <participants/>
    <transcribers/>
    <userTiers/>
    <tierOrder>
        <tier tierName="Orthography" visible="true" locked="false" font="default"/>
        <tier tierName="IPA Target" visible="true" locked="false" font="default"/>
        <tier tierName="IPA Actual" visible="true" locked="false" font="default"/>
        <tier tierName="Notes" visible="true" locked="false" font="default"/>
        <tier tierName="Segment" visible="true" locked="false" font="default"/>
    </tierOrder>
    <transcript>
        <u id="3c8456e3-a1b4-4d11-bc4f-f532d6ad7d02" excludeFromSearches="false">
            <orthography>
                <g>
                    <w>yate</w>
                </g>
            </orthography>
            <ipaTier form="model">
                <pg>
                    <w>ˈʝate</w>
                    <sb>
                        <ph indexes="0" scType="SS"/>
                        <ph indexes="1" scType="O"/>
                        <ph indexes="2" scType="N" hiatus="true"/>
                        <ph indexes="3" scType="O"/>
                        <ph indexes="4" scType="N" hiatus="true"/>
                    </sb>
                </pg>
            </ipaTier>
            <ipaTier form="actual">
                <pg>
                    <w></w>
                    <sb/>
                </pg>
            </ipaTier>
            <alignment type="segmental">
                <ag length="4">
                    <phomap value="0 -1"/>
                    <phomap value="1 -1"/>
                    <phomap value="2 -1"/>
                    <phomap value="3 -1"/>
                </ag>
            </alignment>
            <segment startTime="0.0" duration="0.0" unitType="ms"/>
            <notes tierName="Notes">1</notes>
        </u>
        <u id="15e75b51-4972-437a-a125-b30b63804fc9" excludeFromSearches="false">
            <orthography>
                <g>
                    <w>nolu</w>
                </g>
            </orthography>
            <ipaTier form="model">
                <pg>
                    <w>ˈnolu</w>
                    <sb>
                        <ph indexes="0" scType="SS"/>
                        <ph indexes="1" scType="O"/>
                        <ph indexes="2" scType="N" hiatus="true"/>
                        <ph indexes="3" scType="O"/>
                        <ph indexes="4" scType="N" hiatus="true"/>
                    </sb>
                </pg>
            </ipaTier>
            <ipaTier form="actual">
                <pg>
                    <w></w>
                    <sb/>
                </pg>
            </ipaTier>
            <alignment type="segmental">
                <ag length="4">
                    <phomap value="0 -1"/>
                    <phomap value="1 -1"/>
                    <phomap value="2 -1"/>
                    <phomap value="3 -1"/>
                </ag>
            </alignment>
            <segment startTime="0.0" duration="0.0" unitType="ms"/>
            <notes tierName="Notes">2</notes>
        </u>
        <u id="5e9d9632-a2df-47a8-89c9-bc7d3b89950f" excludeFromSearches="false">
            <orthography>
                <g>
                    <w>vafe</w>
                </g>
            </orthography>
            <ipaTier form="model">
                <pg>
                    <w>ˈbafe</w>
                    <sb>
                        <ph indexes="0" scType="SS"/>
                        <ph indexes="1" scType="O"/>
                        <ph indexes="2" scType="N" hiatus="true"/>
                        <ph indexes="3" scType="O"/>
                        <ph indexes="4" scType="N" hiatus="true"/>
                    </sb>
                </pg>
            </ipaTier>
            <ipaTier form="actual">
                <pg>
                    <w></w>
                    <sb/>
                </pg>
            </ipaTier>
            <alignment type="segmental">
                <ag length="4">
                    <phomap value="0 -1"/>
                    <phomap value="1 -1"/>
                    <phomap value="2 -1"/>
                    <phomap value="3 -1"/>
                </ag>
            </alignment>
            <segment startTime="0.0" duration="0.0" unitType="ms"/>
            <notes tierName="Notes">3</notes>
        </u>
        <u id="de474191-93d0-4713-836c-2c86c1befe77" excludeFromSearches="false">
            <orthography>
                <g>
                    <w>título</w>
                </g>
            </orthography>
            <ipaTier form="model">
                <pg>
                    <w>ˈtitulo</w>
                    <sb>
                        <ph indexes="0" scType="SS"/>
                        <ph indexes="1" scType="O"/>
                        <ph indexes="2" scType="N" hiatus="true"/>
                        <ph indexes="3" scType="O"/>
                        <ph indexes="4" scType="N" hiatus="true"/>
                        <ph indexes="5" scType="O"/>
                        <ph indexes="6" scType="N" hiatus="true"/>
                    </sb>
                </pg>
            </ipaTier>
            <ipaTier form="actual">
                <pg>
                    <w></w>
                    <sb/>
                </pg>
            </ipaTier>
            <alignment type="segmental">
                <ag length="6">
                    <phomap value="0 -1"/>
                    <phomap value="1 -1"/>
                    <phomap value="2 -1"/>
                    <phomap value="3 -1"/>
                    <phomap value="4 -1"/>
                    <phomap value="5 -1"/>
                </ag>
            </alignment>
            <segment startTime="0.0" duration="0.0" unitType="ms"/>
            <notes tierName="Notes">4</notes>
        </u>
        <u id="97242ccb-1231-46e4-98e7-129d3a17854a" excludeFromSearches="false">
            <orthography>
                <g>
                    <w>mode</w>
                </g>
            </orthography>
            <ipaTier form="model">
                <pg>
                    <w>ˈmode</w>
                    <sb>
                        <ph indexes="0" scType="SS"/>
                        <ph indexes="1" scType="O"/>
                        <ph indexes="2" scType="N" hiatus="true"/>
                        <ph indexes="3" scType="O"/>
                        <ph indexes="4" scType="N" hiatus="true"/>
                    </sb>
                </pg>
            </ipaTier>
            <ipaTier form="actual">
                <pg>
                    <w></w>
                    <sb/>
                </pg>
            </ipaTier>
            <alignment type="segmental">
                <ag length="4">
                    <phomap value="0 -1"/>
                    <phomap value="1 -1"/>
                    <phomap value="2 -1"/>
                    <phomap value="3 -1"/>
                </ag>
            </alignment>
            <segment startTime="0.0" duration="0.0" unitType="ms"/>
            <notes tierName="Notes">5</notes>
        </u>
        <u id="b8c6a4b6-4df7-4211-bf24-7be287c935be" excludeFromSearches="false">
            <orthography>
                <g>
                    <w>peno</w>
                </g>
            </orthography>
            <ipaTier form="model">
                <pg>
                    <w>ˈpeno</w>
                    <sb>
                        <ph indexes="0" scType="SS"/>
                        <ph indexes="1" scType="O"/>
                        <ph indexes="2" scType="N" hiatus="true"/>
                        <ph indexes="3" scType="O"/>
                        <ph indexes="4" scType="N" hiatus="true"/>
                    </sb>
                </pg>
            </ipaTier>
            <ipaTier form="actual">
                <pg>
                    <w></w>
                    <sb/>
                </pg>
            </ipaTier>
            <alignment type="segmental">
                <ag length="4">
                    <phomap value="0 -1"/>
                    <phomap value="1 -1"/>
                    <phomap value="2 -1"/>
                    <phomap value="3 -1"/>
                </ag>
            </alignment>
            <segment startTime="0.0" duration="0.0" unitType="ms"/>
            <notes tierName="Notes">6</notes>
        </u>
    </transcript>
</session>
