<?xml version="1.0" encoding="UTF-8" standalone="yes"?>
<session xmlns="http://phon.ling.mun.ca/ns/phonbank" id="QL4" corpus="Plantillas" version="PB1.2">
    <header>
        <date>2019-05-01</date>
    </header>
    <participants/>
    <transcribers/>
    <userTiers>
        <userTier tierName="Type" grouped="false"/>
    </userTiers>
    <tierOrder>
        <tier tierName="Orthography" visible="true" locked="false" font="default"/>
        <tier tierName="IPA Target" visible="true" locked="false" font="default"/>
        <tier tierName="IPA Actual" visible="true" locked="false" font="default"/>
        <tier tierName="Notes" visible="true" locked="false" font="default"/>
        <tier tierName="Segment" visible="true" locked="false" font="default"/>
        <tier tierName="Type" visible="true" locked="false" font="Charis SIL-PLAIN-12"/>
    </tierOrder>
    <transcript>
        <u id="3c8456e3-a1b4-4d11-bc4f-f532d6ad7d02" excludeFromSearches="false">
            <orthography>
                <g>
                    <w>Chuso</w>
                </g>
            </orthography>
            <ipaTier form="model">
                <pg>
                    <w>ˈ uso</w>
                    <sb/>
                </pg>
            </ipaTier>
            <ipaTier form="actual">
                <pg>
                    <w></w>
                    <sb/>
                </pg>
            </ipaTier>
            <alignment type="segmental">
                <ag length="0"/>
            </alignment>
            <segment startTime="0.0" duration="0.0" unitType="ms"/>
            <notes tierName="Notes">1</notes>
            <flatTier tierName="Type">NPr</flatTier>
        </u>
        <u id="15e75b51-4972-437a-a125-b30b63804fc9" excludeFromSearches="false">
            <orthography>
                <g>
                    <w>Feza</w>
                </g>
            </orthography>
            <ipaTier form="model">
                <pg>
                    <w>ˈfe</w>
                    <w>a</w>
                    <sb>
                        <ph indexes="0" scType="SS"/>
                        <ph indexes="1" scType="O"/>
                        <ph indexes="2" scType="N" hiatus="true"/>
                        <ph indexes="3" scType="WB"/>
                        <ph indexes="4" scType="N" hiatus="true"/>
                    </sb>
                </pg>
            </ipaTier>
            <ipaTier form="actual">
                <pg>
                    <w></w>
                    <sb/>
                </pg>
            </ipaTier>
            <alignment type="segmental">
                <ag length="3">
                    <phomap value="0 -1"/>
                    <phomap value="1 -1"/>
                    <phomap value="2 -1"/>
                </ag>
            </alignment>
            <segment startTime="0.0" duration="0.0" unitType="ms"/>
            <notes tierName="Notes">2</notes>
            <flatTier tierName="Type">NPr</flatTier>
        </u>
        <u id="5e9d9632-a2df-47a8-89c9-bc7d3b89950f" excludeFromSearches="false">
            <orthography>
                <g>
                    <w>Yema</w>
                </g>
            </orthography>
            <ipaTier form="model">
                <pg>
                    <w>ˈʝema</w>
                    <sb>
                        <ph indexes="0" scType="SS"/>
                        <ph indexes="1" scType="O"/>
                        <ph indexes="2" scType="N" hiatus="true"/>
                        <ph indexes="3" scType="O"/>
                        <ph indexes="4" scType="N" hiatus="true"/>
                    </sb>
                </pg>
            </ipaTier>
            <ipaTier form="actual">
                <pg>
                    <w></w>
                    <sb/>
                </pg>
            </ipaTier>
            <alignment type="segmental">
                <ag length="4">
                    <phomap value="0 -1"/>
                    <phomap value="1 -1"/>
                    <phomap value="2 -1"/>
                    <phomap value="3 -1"/>
                </ag>
            </alignment>
            <segment startTime="0.0" duration="0.0" unitType="ms"/>
            <notes tierName="Notes">3</notes>
            <flatTier tierName="Type">PA</flatTier>
        </u>
        <u id="de474191-93d0-4713-836c-2c86c1befe77" excludeFromSearches="false">
            <orthography>
                <g>
                    <w>Cifo</w>
                </g>
            </orthography>
            <ipaTier form="model">
                <pg>
                    <w>ˈ ifo</w>
                    <sb/>
                </pg>
            </ipaTier>
            <ipaTier form="actual">
                <pg>
                    <w></w>
                    <sb/>
                </pg>
            </ipaTier>
            <alignment type="segmental">
                <ag length="0"/>
            </alignment>
            <segment startTime="0.0" duration="0.0" unitType="ms"/>
            <notes tierName="Notes">4</notes>
            <flatTier tierName="Type">NPu</flatTier>
        </u>
        <u id="97242ccb-1231-46e4-98e7-129d3a17854a" excludeFromSearches="false">
            <orthography>
                <g>
                    <w>Pani</w>
                </g>
            </orthography>
            <ipaTier form="model">
                <pg>
                    <w>ˈpani</w>
                    <sb>
                        <ph indexes="0" scType="SS"/>
                        <ph indexes="1" scType="O"/>
                        <ph indexes="2" scType="N" hiatus="true"/>
                        <ph indexes="3" scType="O"/>
                        <ph indexes="4" scType="N" hiatus="true"/>
                    </sb>
                </pg>
            </ipaTier>
            <ipaTier form="actual">
                <pg>
                    <w></w>
                    <sb/>
                </pg>
            </ipaTier>
            <alignment type="segmental">
                <ag length="4">
                    <phomap value="0 -1"/>
                    <phomap value="1 -1"/>
                    <phomap value="2 -1"/>
                    <phomap value="3 -1"/>
                </ag>
            </alignment>
            <segment startTime="0.0" duration="0.0" unitType="ms"/>
            <notes tierName="Notes">5</notes>
            <flatTier tierName="Type">NPu</flatTier>
        </u>
        <u id="b8c6a4b6-4df7-4211-bf24-7be287c935be" excludeFromSearches="false">
            <orthography>
                <g>
                    <w>Zabolu</w>
                </g>
            </orthography>
            <ipaTier form="model">
                <pg>
                    <w>a ˈ olu</w>
                    <sb/>
                </pg>
            </ipaTier>
            <ipaTier form="actual">
                <pg>
                    <w></w>
                    <sb/>
                </pg>
            </ipaTier>
            <alignment type="segmental">
                <ag length="0"/>
            </alignment>
            <segment startTime="0.0" duration="0.0" unitType="ms"/>
            <notes tierName="Notes">6</notes>
            <flatTier tierName="Type">NPu</flatTier>
        </u>
        <u id="307e5c6a-8a7a-42f6-b0ed-e60688503507" excludeFromSearches="false">
            <orthography>
                <g>
                    <w>Manotazo</w>
                </g>
            </orthography>
            <ipaTier form="model">
                <pg>
                    <w>manoˈta</w>
                    <w>o</w>
                    <sb>
                        <ph indexes="0" scType="O"/>
                        <ph indexes="1" scType="N" hiatus="true"/>
                        <ph indexes="2" scType="O"/>
                        <ph indexes="3" scType="N" hiatus="true"/>
                        <ph indexes="4" scType="SS"/>
                        <ph indexes="5" scType="O"/>
                        <ph indexes="6" scType="N" hiatus="true"/>
                        <ph indexes="7" scType="WB"/>
                        <ph indexes="8" scType="N" hiatus="true"/>
                    </sb>
                </pg>
            </ipaTier>
            <ipaTier form="actual">
                <pg>
                    <w></w>
                    <sb/>
                </pg>
            </ipaTier>
            <alignment type="segmental">
                <ag length="7">
                    <phomap value="0 -1"/>
                    <phomap value="1 -1"/>
                    <phomap value="2 -1"/>
                    <phomap value="3 -1"/>
                    <phomap value="4 -1"/>
                    <phomap value="5 -1"/>
                    <phomap value="6 -1"/>
                </ag>
            </alignment>
            <segment startTime="0.0" duration="0.0" unitType="ms"/>
            <notes tierName="Notes">7</notes>
            <flatTier tierName="Type">PA</flatTier>
        </u>
        <u id="b5d11a31-b742-484d-9ee6-d2353c727c91" excludeFromSearches="false">
            <orthography>
                <g>
                    <w>Barreyo</w>
                </g>
            </orthography>
            <ipaTier form="model">
                <pg>
                    <w>baˈre</w>
                    <w>o</w>
                    <sb>
                        <ph indexes="0" scType="O"/>
                        <ph indexes="1" scType="N" hiatus="true"/>
                        <ph indexes="2" scType="SS"/>
                        <ph indexes="3" scType="O"/>
                        <ph indexes="4" scType="N" hiatus="true"/>
                        <ph indexes="5" scType="WB"/>
                        <ph indexes="6" scType="N" hiatus="true"/>
                    </sb>
                </pg>
            </ipaTier>
            <ipaTier form="actual">
                <pg>
                    <w></w>
                    <sb/>
                </pg>
            </ipaTier>
            <alignment type="segmental">
                <ag length="5">
                    <phomap value="0 -1"/>
                    <phomap value="1 -1"/>
                    <phomap value="2 -1"/>
                    <phomap value="3 -1"/>
                    <phomap value="4 -1"/>
                </ag>
            </alignment>
            <segment startTime="0.0" duration="0.0" unitType="ms"/>
            <notes tierName="Notes">8</notes>
            <flatTier tierName="Type">NPr</flatTier>
        </u>
        <u id="2509b0ec-c0a6-49e7-887e-473b8fb7c8a3" excludeFromSearches="false">
            <orthography>
                <g>
                    <w>Señorida</w>
                </g>
            </orthography>
            <ipaTier form="model">
                <pg>
                    <w>se</w>
                    <w>oˈi</w>
                    <w>a</w>
                    <sb>
                        <ph indexes="0" scType="O"/>
                        <ph indexes="1" scType="N" hiatus="true"/>
                        <ph indexes="2" scType="WB"/>
                        <ph indexes="3" scType="N" hiatus="true"/>
                        <ph indexes="4" scType="SS"/>
                        <ph indexes="5" scType="N" hiatus="true"/>
                        <ph indexes="6" scType="WB"/>
                        <ph indexes="7" scType="N" hiatus="true"/>
                    </sb>
                </pg>
            </ipaTier>
            <ipaTier form="actual">
                <pg>
                    <w></w>
                    <sb/>
                </pg>
            </ipaTier>
            <alignment type="segmental">
                <ag length="5">
                    <phomap value="0 -1"/>
                    <phomap value="1 -1"/>
                    <phomap value="2 -1"/>
                    <phomap value="3 -1"/>
                    <phomap value="4 -1"/>
                </ag>
            </alignment>
            <segment startTime="0.0" duration="0.0" unitType="ms"/>
            <notes tierName="Notes">9</notes>
            <flatTier tierName="Type">NPr</flatTier>
        </u>
        <u id="093ca29c-7b32-4b7c-8c3d-40038b8359bf" excludeFromSearches="false">
            <orthography>
                <g>
                    <w>Tuzo</w>
                </g>
            </orthography>
            <ipaTier form="model">
                <pg>
                    <w>ˈtu</w>
                    <w>o</w>
                    <sb>
                        <ph indexes="0" scType="SS"/>
                        <ph indexes="1" scType="O"/>
                        <ph indexes="2" scType="N" hiatus="true"/>
                        <ph indexes="3" scType="WB"/>
                        <ph indexes="4" scType="N" hiatus="true"/>
                    </sb>
                </pg>
            </ipaTier>
            <ipaTier form="actual">
                <pg>
                    <w></w>
                    <sb/>
                </pg>
            </ipaTier>
            <alignment type="segmental">
                <ag length="3">
                    <phomap value="0 -1"/>
                    <phomap value="1 -1"/>
                    <phomap value="2 -1"/>
                </ag>
            </alignment>
            <segment startTime="0.0" duration="0.0" unitType="ms"/>
            <notes tierName="Notes">10</notes>
            <flatTier tierName="Type">NPr</flatTier>
        </u>
        <u id="acf95e2c-93f9-48bc-8cae-47602bc7f8be" excludeFromSearches="false">
            <orthography>
                <g>
                    <w>Petaca</w>
                </g>
            </orthography>
            <ipaTier form="model">
                <pg>
                    <w>peˈtaka</w>
                    <sb>
                        <ph indexes="0" scType="O"/>
                        <ph indexes="1" scType="N" hiatus="true"/>
                        <ph indexes="2" scType="SS"/>
                        <ph indexes="3" scType="O"/>
                        <ph indexes="4" scType="N" hiatus="true"/>
                        <ph indexes="5" scType="O"/>
                        <ph indexes="6" scType="N" hiatus="true"/>
                    </sb>
                </pg>
            </ipaTier>
            <ipaTier form="actual">
                <pg>
                    <w></w>
                    <sb/>
                </pg>
            </ipaTier>
            <alignment type="segmental">
                <ag length="6">
                    <phomap value="0 -1"/>
                    <phomap value="1 -1"/>
                    <phomap value="2 -1"/>
                    <phomap value="3 -1"/>
                    <phomap value="4 -1"/>
                    <phomap value="5 -1"/>
                </ag>
            </alignment>
            <segment startTime="0.0" duration="0.0" unitType="ms"/>
            <notes tierName="Notes">11</notes>
            <flatTier tierName="Type">PA</flatTier>
        </u>
        <u id="72434611-1f65-4f50-84a2-363dc9e23f8b" excludeFromSearches="false">
            <orthography>
                <g>
                    <w>Doya</w>
                </g>
            </orthography>
            <ipaTier form="model">
                <pg>
                    <w>ˈdo</w>
                    <w>a</w>
                    <sb>
                        <ph indexes="0" scType="SS"/>
                        <ph indexes="1" scType="O"/>
                        <ph indexes="2" scType="N" hiatus="true"/>
                        <ph indexes="3" scType="WB"/>
                        <ph indexes="4" scType="N" hiatus="true"/>
                    </sb>
                </pg>
            </ipaTier>
            <ipaTier form="actual">
                <pg>
                    <w></w>
                    <sb/>
                </pg>
            </ipaTier>
            <alignment type="segmental">
                <ag length="3">
                    <phomap value="0 -1"/>
                    <phomap value="1 -1"/>
                    <phomap value="2 -1"/>
                </ag>
            </alignment>
            <segment startTime="0.0" duration="0.0" unitType="ms"/>
            <notes tierName="Notes">12</notes>
            <flatTier tierName="Type">NPu</flatTier>
        </u>
        <u id="412cd266-4fbf-45c6-afef-75584b36c76b" excludeFromSearches="false">
            <orthography>
                <g>
                    <w>Lilla</w>
                </g>
            </orthography>
            <ipaTier form="model">
                <pg>
                    <w>ˈliʝa</w>
                    <sb>
                        <ph indexes="0" scType="SS"/>
                        <ph indexes="1" scType="O"/>
                        <ph indexes="2" scType="N" hiatus="true"/>
                        <ph indexes="3" scType="O"/>
                        <ph indexes="4" scType="N" hiatus="true"/>
                    </sb>
                </pg>
            </ipaTier>
            <ipaTier form="actual">
                <pg>
                    <w></w>
                    <sb/>
                </pg>
            </ipaTier>
            <alignment type="segmental">
                <ag length="4">
                    <phomap value="0 -1"/>
                    <phomap value="1 -1"/>
                    <phomap value="2 -1"/>
                    <phomap value="3 -1"/>
                </ag>
            </alignment>
            <segment startTime="0.0" duration="0.0" unitType="ms"/>
            <notes tierName="Notes">13</notes>
            <flatTier tierName="Type">NPr</flatTier>
        </u>
        <u id="c69ec5f6-eee3-4c28-9155-491f77e66373" excludeFromSearches="false">
            <orthography>
                <g>
                    <w>Camino</w>
                </g>
            </orthography>
            <ipaTier form="model">
                <pg>
                    <w>kaˈmino</w>
                    <sb>
                        <ph indexes="0" scType="O"/>
                        <ph indexes="1" scType="N" hiatus="true"/>
                        <ph indexes="2" scType="SS"/>
                        <ph indexes="3" scType="O"/>
                        <ph indexes="4" scType="N" hiatus="true"/>
                        <ph indexes="5" scType="O"/>
                        <ph indexes="6" scType="N" hiatus="true"/>
                    </sb>
                </pg>
            </ipaTier>
            <ipaTier form="actual">
                <pg>
                    <w></w>
                    <sb/>
                </pg>
            </ipaTier>
            <alignment type="segmental">
                <ag length="6">
                    <phomap value="0 -1"/>
                    <phomap value="1 -1"/>
                    <phomap value="2 -1"/>
                    <phomap value="3 -1"/>
                    <phomap value="4 -1"/>
                    <phomap value="5 -1"/>
                </ag>
            </alignment>
            <segment startTime="0.0" duration="0.0" unitType="ms"/>
            <notes tierName="Notes">14</notes>
            <flatTier tierName="Type">PA</flatTier>
        </u>
        <u id="7da8ff4d-e12d-4fd6-86c0-a4a552fb2d0e" excludeFromSearches="false">
            <orthography>
                <g>
                    <w>Padeso</w>
                </g>
            </orthography>
            <ipaTier form="model">
                <pg>
                    <w>paˈ eso</w>
                    <sb/>
                </pg>
            </ipaTier>
            <ipaTier form="actual">
                <pg>
                    <w></w>
                    <sb/>
                </pg>
            </ipaTier>
            <alignment type="segmental">
                <ag length="0"/>
            </alignment>
            <segment startTime="0.0" duration="0.0" unitType="ms"/>
            <notes tierName="Notes">15</notes>
            <flatTier tierName="Type">NPu</flatTier>
        </u>
        <u id="5fa0ce66-64f6-49ad-81b8-2c8ac236b8c9" excludeFromSearches="false">
            <orthography>
                <g>
                    <w>Soda</w>
                </g>
            </orthography>
            <ipaTier form="model">
                <pg>
                    <w>ˈso</w>
                    <w>a</w>
                    <sb>
                        <ph indexes="0" scType="SS"/>
                        <ph indexes="1" scType="O"/>
                        <ph indexes="2" scType="N" hiatus="true"/>
                        <ph indexes="3" scType="WB"/>
                        <ph indexes="4" scType="N" hiatus="true"/>
                    </sb>
                </pg>
            </ipaTier>
            <ipaTier form="actual">
                <pg>
                    <w></w>
                    <sb/>
                </pg>
            </ipaTier>
            <alignment type="segmental">
                <ag length="3">
                    <phomap value="0 -1"/>
                    <phomap value="1 -1"/>
                    <phomap value="2 -1"/>
                </ag>
            </alignment>
            <segment startTime="0.0" duration="0.0" unitType="ms"/>
            <notes tierName="Notes">16</notes>
            <flatTier tierName="Type">PA</flatTier>
        </u>
        <u id="2811ceec-f24c-4294-927c-31885eef9e6c" excludeFromSearches="false">
            <orthography>
                <g>
                    <w>Titumo</w>
                </g>
            </orthography>
            <ipaTier form="model">
                <pg>
                    <w>tiˈtumo</w>
                    <sb>
                        <ph indexes="0" scType="O"/>
                        <ph indexes="1" scType="N" hiatus="true"/>
                        <ph indexes="2" scType="SS"/>
                        <ph indexes="3" scType="O"/>
                        <ph indexes="4" scType="N" hiatus="true"/>
                        <ph indexes="5" scType="O"/>
                        <ph indexes="6" scType="N" hiatus="true"/>
                    </sb>
                </pg>
            </ipaTier>
            <ipaTier form="actual">
                <pg>
                    <w></w>
                    <sb/>
                </pg>
            </ipaTier>
            <alignment type="segmental">
                <ag length="6">
                    <phomap value="0 -1"/>
                    <phomap value="1 -1"/>
                    <phomap value="2 -1"/>
                    <phomap value="3 -1"/>
                    <phomap value="4 -1"/>
                    <phomap value="5 -1"/>
                </ag>
            </alignment>
            <segment startTime="0.0" duration="0.0" unitType="ms"/>
            <notes tierName="Notes">17</notes>
            <flatTier tierName="Type">NPr</flatTier>
        </u>
        <u id="fe0b4175-db64-4be6-ad94-ac014fa54e7c" excludeFromSearches="false">
            <orthography>
                <g>
                    <w>dimako</w>
                </g>
            </orthography>
            <ipaTier form="model">
                <pg>
                    <w>diˈmako</w>
                    <sb>
                        <ph indexes="0" scType="O"/>
                        <ph indexes="1" scType="N" hiatus="true"/>
                        <ph indexes="2" scType="SS"/>
                        <ph indexes="3" scType="O"/>
                        <ph indexes="4" scType="N" hiatus="true"/>
                        <ph indexes="5" scType="O"/>
                        <ph indexes="6" scType="N" hiatus="true"/>
                    </sb>
                </pg>
            </ipaTier>
            <ipaTier form="actual">
                <pg>
                    <w></w>
                    <sb/>
                </pg>
            </ipaTier>
            <alignment type="segmental">
                <ag length="6">
                    <phomap value="0 -1"/>
                    <phomap value="1 -1"/>
                    <phomap value="2 -1"/>
                    <phomap value="3 -1"/>
                    <phomap value="4 -1"/>
                    <phomap value="5 -1"/>
                </ag>
            </alignment>
            <segment startTime="0.0" duration="0.0" unitType="ms"/>
            <notes tierName="Notes">18</notes>
            <flatTier tierName="Type">NPu</flatTier>
        </u>
        <u id="5c786b00-9727-4dae-881b-0ef5e7ec25de" excludeFromSearches="false">
            <orthography>
                <g>
                    <w>Cano</w>
                </g>
            </orthography>
            <ipaTier form="model">
                <pg>
                    <w>ˈkano</w>
                    <sb>
                        <ph indexes="0" scType="SS"/>
                        <ph indexes="1" scType="O"/>
                        <ph indexes="2" scType="N" hiatus="true"/>
                        <ph indexes="3" scType="O"/>
                        <ph indexes="4" scType="N" hiatus="true"/>
                    </sb>
                </pg>
            </ipaTier>
            <ipaTier form="actual">
                <pg>
                    <w></w>
                    <sb/>
                </pg>
            </ipaTier>
            <alignment type="segmental">
                <ag length="4">
                    <phomap value="0 -1"/>
                    <phomap value="1 -1"/>
                    <phomap value="2 -1"/>
                    <phomap value="3 -1"/>
                </ag>
            </alignment>
            <segment startTime="0.0" duration="0.0" unitType="ms"/>
            <notes tierName="Notes">19</notes>
            <flatTier tierName="Type">PA</flatTier>
        </u>
        <u id="441a65fd-2ca6-4539-8b53-ac9dcdb65e01" excludeFromSearches="false">
            <orthography>
                <g>
                    <w>Coga</w>
                </g>
            </orthography>
            <ipaTier form="model">
                <pg>
                    <w>ˈko</w>
                    <w>a</w>
                    <sb>
                        <ph indexes="0" scType="SS"/>
                        <ph indexes="1" scType="O"/>
                        <ph indexes="2" scType="N" hiatus="true"/>
                        <ph indexes="3" scType="WB"/>
                        <ph indexes="4" scType="N" hiatus="true"/>
                    </sb>
                </pg>
            </ipaTier>
            <ipaTier form="actual">
                <pg>
                    <w></w>
                    <sb/>
                </pg>
            </ipaTier>
            <alignment type="segmental">
                <ag length="3">
                    <phomap value="0 -1"/>
                    <phomap value="1 -1"/>
                    <phomap value="2 -1"/>
                </ag>
            </alignment>
            <segment startTime="0.0" duration="0.0" unitType="ms"/>
            <notes tierName="Notes">20</notes>
            <flatTier tierName="Type">NPu</flatTier>
        </u>
        <u id="f211e54e-a725-47c4-9c77-b821696894ee" excludeFromSearches="false">
            <orthography>
                <g>
                    <w>Mope</w>
                </g>
            </orthography>
            <ipaTier form="model">
                <pg>
                    <w>ˈmope</w>
                    <sb>
                        <ph indexes="0" scType="SS"/>
                        <ph indexes="1" scType="O"/>
                        <ph indexes="2" scType="N" hiatus="true"/>
                        <ph indexes="3" scType="O"/>
                        <ph indexes="4" scType="N" hiatus="true"/>
                    </sb>
                </pg>
            </ipaTier>
            <ipaTier form="actual">
                <pg>
                    <w></w>
                    <sb/>
                </pg>
            </ipaTier>
            <alignment type="segmental">
                <ag length="4">
                    <phomap value="0 -1"/>
                    <phomap value="1 -1"/>
                    <phomap value="2 -1"/>
                    <phomap value="3 -1"/>
                </ag>
            </alignment>
            <segment startTime="0.0" duration="0.0" unitType="ms"/>
            <notes tierName="Notes">21</notes>
            <flatTier tierName="Type">NPu</flatTier>
        </u>
        <u id="5dd6bcaf-1671-4890-9073-44ca517f24bb" excludeFromSearches="false">
            <orthography>
                <g>
                    <w>Nafe</w>
                </g>
            </orthography>
            <ipaTier form="model">
                <pg>
                    <w>ˈnafe</w>
                    <sb>
                        <ph indexes="0" scType="SS"/>
                        <ph indexes="1" scType="O"/>
                        <ph indexes="2" scType="N" hiatus="true"/>
                        <ph indexes="3" scType="O"/>
                        <ph indexes="4" scType="N" hiatus="true"/>
                    </sb>
                </pg>
            </ipaTier>
            <ipaTier form="actual">
                <pg>
                    <w></w>
                    <sb/>
                </pg>
            </ipaTier>
            <alignment type="segmental">
                <ag length="4">
                    <phomap value="0 -1"/>
                    <phomap value="1 -1"/>
                    <phomap value="2 -1"/>
                    <phomap value="3 -1"/>
                </ag>
            </alignment>
            <segment startTime="0.0" duration="0.0" unitType="ms"/>
            <notes tierName="Notes">22</notes>
            <flatTier tierName="Type">NPu</flatTier>
        </u>
        <u id="33d78918-d9a6-47e9-b94d-24aff06bef89" excludeFromSearches="false">
            <orthography>
                <g>
                    <w>Guerra</w>
                </g>
            </orthography>
            <ipaTier form="model">
                <pg>
                    <w>gera</w>
                    <sb>
                        <ph indexes="0" scType="O"/>
                        <ph indexes="1" scType="N" hiatus="true"/>
                        <ph indexes="2" scType="O"/>
                        <ph indexes="3" scType="N" hiatus="true"/>
                    </sb>
                </pg>
            </ipaTier>
            <ipaTier form="actual">
                <pg>
                    <w></w>
                    <sb/>
                </pg>
            </ipaTier>
            <alignment type="segmental">
                <ag length="4">
                    <phomap value="0 -1"/>
                    <phomap value="1 -1"/>
                    <phomap value="2 -1"/>
                    <phomap value="3 -1"/>
                </ag>
            </alignment>
            <segment startTime="0.0" duration="0.0" unitType="ms"/>
            <notes tierName="Notes">23</notes>
            <flatTier tierName="Type">PA</flatTier>
        </u>
        <u id="d7242551-b604-4846-b080-2b8fe6f97bf5" excludeFromSearches="false">
            <orthography>
                <g>
                    <w>Sogalina</w>
                </g>
            </orthography>
            <ipaTier form="model">
                <pg>
                    <w>soɣ̞aˈlina</w>
                    <sb>
                        <ph indexes="0" scType="O"/>
                        <ph indexes="1" scType="N" hiatus="true"/>
                        <ph indexes="2 3" scType="O"/>
                        <ph indexes="4" scType="N" hiatus="true"/>
                        <ph indexes="5" scType="SS"/>
                        <ph indexes="6" scType="O"/>
                        <ph indexes="7" scType="N" hiatus="true"/>
                        <ph indexes="8" scType="O"/>
                        <ph indexes="9" scType="N" hiatus="true"/>
                    </sb>
                </pg>
            </ipaTier>
            <ipaTier form="actual">
                <pg>
                    <w></w>
                    <sb/>
                </pg>
            </ipaTier>
            <alignment type="segmental">
                <ag length="8">
                    <phomap value="0 -1"/>
                    <phomap value="1 -1"/>
                    <phomap value="2 -1"/>
                    <phomap value="3 -1"/>
                    <phomap value="4 -1"/>
                    <phomap value="5 -1"/>
                    <phomap value="6 -1"/>
                    <phomap value="7 -1"/>
                </ag>
            </alignment>
            <segment startTime="0.0" duration="0.0" unitType="ms"/>
            <notes tierName="Notes">24</notes>
            <flatTier tierName="Type">NPu</flatTier>
        </u>
        <u id="da4440eb-37fd-47d4-b59d-3f867898e5d5" excludeFromSearches="false">
            <orthography>
                <g>
                    <w>Pelícuza</w>
                </g>
            </orthography>
            <ipaTier form="model">
                <pg>
                    <w>peˈliku</w>
                    <w>a</w>
                    <sb>
                        <ph indexes="0" scType="O"/>
                        <ph indexes="1" scType="N" hiatus="true"/>
                        <ph indexes="2" scType="SS"/>
                        <ph indexes="3" scType="O"/>
                        <ph indexes="4" scType="N" hiatus="true"/>
                        <ph indexes="5" scType="O"/>
                        <ph indexes="6" scType="N" hiatus="true"/>
                        <ph indexes="7" scType="WB"/>
                        <ph indexes="8" scType="N" hiatus="true"/>
                    </sb>
                </pg>
            </ipaTier>
            <ipaTier form="actual">
                <pg>
                    <w></w>
                    <sb/>
                </pg>
            </ipaTier>
            <alignment type="segmental">
                <ag length="7">
                    <phomap value="0 -1"/>
                    <phomap value="1 -1"/>
                    <phomap value="2 -1"/>
                    <phomap value="3 -1"/>
                    <phomap value="4 -1"/>
                    <phomap value="5 -1"/>
                    <phomap value="6 -1"/>
                </ag>
            </alignment>
            <segment startTime="0.0" duration="0.0" unitType="ms"/>
            <notes tierName="Notes">25</notes>
            <flatTier tierName="Type">NPr</flatTier>
        </u>
        <u id="f75b5f72-ccaf-4133-ad56-845052f22ab5" excludeFromSearches="false">
            <orthography>
                <g>
                    <w>Dila</w>
                </g>
            </orthography>
            <ipaTier form="model">
                <pg>
                    <w>ˈdila</w>
                    <sb>
                        <ph indexes="0" scType="SS"/>
                        <ph indexes="1" scType="O"/>
                        <ph indexes="2" scType="N" hiatus="true"/>
                        <ph indexes="3" scType="O"/>
                        <ph indexes="4" scType="N" hiatus="true"/>
                    </sb>
                </pg>
            </ipaTier>
            <ipaTier form="actual">
                <pg>
                    <w></w>
                    <sb/>
                </pg>
            </ipaTier>
            <alignment type="segmental">
                <ag length="4">
                    <phomap value="0 -1"/>
                    <phomap value="1 -1"/>
                    <phomap value="2 -1"/>
                    <phomap value="3 -1"/>
                </ag>
            </alignment>
            <segment startTime="0.0" duration="0.0" unitType="ms"/>
            <notes tierName="Notes">26</notes>
            <flatTier tierName="Type">NPu</flatTier>
        </u>
        <u id="812e64a6-5868-4f28-8496-263229327571" excludeFromSearches="false">
            <orthography>
                <g>
                    <w>Novela</w>
                </g>
            </orthography>
            <ipaTier form="model">
                <pg>
                    <w>noˈβ̞ela</w>
                    <sb>
                        <ph indexes="0" scType="O"/>
                        <ph indexes="1" scType="N" hiatus="true"/>
                        <ph indexes="2" scType="SS"/>
                        <ph indexes="3 4" scType="O"/>
                        <ph indexes="5" scType="N" hiatus="true"/>
                        <ph indexes="6" scType="O"/>
                        <ph indexes="7" scType="N" hiatus="true"/>
                    </sb>
                </pg>
            </ipaTier>
            <ipaTier form="actual">
                <pg>
                    <w></w>
                    <sb/>
                </pg>
            </ipaTier>
            <alignment type="segmental">
                <ag length="6">
                    <phomap value="0 -1"/>
                    <phomap value="1 -1"/>
                    <phomap value="2 -1"/>
                    <phomap value="3 -1"/>
                    <phomap value="4 -1"/>
                    <phomap value="5 -1"/>
                </ag>
            </alignment>
            <segment startTime="0.0" duration="0.0" unitType="ms"/>
            <notes tierName="Notes">27</notes>
            <flatTier tierName="Type">PA</flatTier>
        </u>
        <u id="e5fb1764-e700-4967-a0ea-3e527018d2f6" excludeFromSearches="false">
            <orthography>
                <g>
                    <w>Pecugata</w>
                </g>
            </orthography>
            <ipaTier form="model">
                <pg>
                    <w>pekuˈɣ̞ata</w>
                    <sb>
                        <ph indexes="0" scType="O"/>
                        <ph indexes="1" scType="N" hiatus="true"/>
                        <ph indexes="2" scType="O"/>
                        <ph indexes="3" scType="N" hiatus="true"/>
                        <ph indexes="4" scType="SS"/>
                        <ph indexes="5 6" scType="O"/>
                        <ph indexes="7" scType="N" hiatus="true"/>
                        <ph indexes="8" scType="O"/>
                        <ph indexes="9" scType="N" hiatus="true"/>
                    </sb>
                </pg>
            </ipaTier>
            <ipaTier form="actual">
                <pg>
                    <w></w>
                    <sb/>
                </pg>
            </ipaTier>
            <alignment type="segmental">
                <ag length="8">
                    <phomap value="0 -1"/>
                    <phomap value="1 -1"/>
                    <phomap value="2 -1"/>
                    <phomap value="3 -1"/>
                    <phomap value="4 -1"/>
                    <phomap value="5 -1"/>
                    <phomap value="6 -1"/>
                    <phomap value="7 -1"/>
                </ag>
            </alignment>
            <segment startTime="0.0" duration="0.0" unitType="ms"/>
            <notes tierName="Notes">28</notes>
            <flatTier tierName="Type">NPu</flatTier>
        </u>
        <u id="51e85eea-56eb-472b-9a8c-6f1729fdd808" excludeFromSearches="false">
            <orthography>
                <g>
                    <w>latigazo</w>
                </g>
            </orthography>
            <ipaTier form="model">
                <pg>
                    <w>latiˈɣ̞a</w>
                    <w>o</w>
                    <sb>
                        <ph indexes="0" scType="O"/>
                        <ph indexes="1" scType="N" hiatus="true"/>
                        <ph indexes="2" scType="O"/>
                        <ph indexes="3" scType="N" hiatus="true"/>
                        <ph indexes="4" scType="SS"/>
                        <ph indexes="5 6" scType="O"/>
                        <ph indexes="7" scType="N" hiatus="true"/>
                        <ph indexes="8" scType="WB"/>
                        <ph indexes="9" scType="N" hiatus="true"/>
                    </sb>
                </pg>
            </ipaTier>
            <ipaTier form="actual">
                <pg>
                    <w></w>
                    <sb/>
                </pg>
            </ipaTier>
            <alignment type="segmental">
                <ag length="7">
                    <phomap value="0 -1"/>
                    <phomap value="1 -1"/>
                    <phomap value="2 -1"/>
                    <phomap value="3 -1"/>
                    <phomap value="4 -1"/>
                    <phomap value="5 -1"/>
                    <phomap value="6 -1"/>
                </ag>
            </alignment>
            <segment startTime="0.0" duration="0.0" unitType="ms"/>
            <notes tierName="Notes">29</notes>
            <flatTier tierName="Type">PA</flatTier>
        </u>
        <u id="e0fb7134-3fcb-4f45-94cc-954760fbada8" excludeFromSearches="false">
            <orthography>
                <g>
                    <w>Roca</w>
                </g>
            </orthography>
            <ipaTier form="model">
                <pg>
                    <w>ˈroka</w>
                    <sb>
                        <ph indexes="0" scType="SS"/>
                        <ph indexes="1" scType="O"/>
                        <ph indexes="2" scType="N" hiatus="true"/>
                        <ph indexes="3" scType="O"/>
                        <ph indexes="4" scType="N" hiatus="true"/>
                    </sb>
                </pg>
            </ipaTier>
            <ipaTier form="actual">
                <pg>
                    <w></w>
                    <sb/>
                </pg>
            </ipaTier>
            <alignment type="segmental">
                <ag length="4">
                    <phomap value="0 -1"/>
                    <phomap value="1 -1"/>
                    <phomap value="2 -1"/>
                    <phomap value="3 -1"/>
                </ag>
            </alignment>
            <segment startTime="0.0" duration="0.0" unitType="ms"/>
            <notes tierName="Notes">30</notes>
            <flatTier tierName="Type">PA</flatTier>
        </u>
        <u id="568ae555-bd8b-4c55-b151-19057ac723c5" excludeFromSearches="false">
            <orthography>
                <g>
                    <w>Paletirra</w>
                </g>
            </orthography>
            <ipaTier form="model">
                <pg>
                    <w>paleˈtira</w>
                    <sb>
                        <ph indexes="0" scType="O"/>
                        <ph indexes="1" scType="N" hiatus="true"/>
                        <ph indexes="2" scType="O"/>
                        <ph indexes="3" scType="N" hiatus="true"/>
                        <ph indexes="4" scType="SS"/>
                        <ph indexes="5" scType="O"/>
                        <ph indexes="6" scType="N" hiatus="true"/>
                        <ph indexes="7" scType="O"/>
                        <ph indexes="8" scType="N" hiatus="true"/>
                    </sb>
                </pg>
            </ipaTier>
            <ipaTier form="actual">
                <pg>
                    <w></w>
                    <sb/>
                </pg>
            </ipaTier>
            <alignment type="segmental">
                <ag length="8">
                    <phomap value="0 -1"/>
                    <phomap value="1 -1"/>
                    <phomap value="2 -1"/>
                    <phomap value="3 -1"/>
                    <phomap value="4 -1"/>
                    <phomap value="5 -1"/>
                    <phomap value="6 -1"/>
                    <phomap value="7 -1"/>
                </ag>
            </alignment>
            <segment startTime="0.0" duration="0.0" unitType="ms"/>
            <notes tierName="Notes">31</notes>
            <flatTier tierName="Type">NPr</flatTier>
        </u>
        <u id="998f4153-7383-425d-a2a6-2dde977f6c91" excludeFromSearches="false">
            <orthography>
                <g>
                    <w>Cebo</w>
                </g>
            </orthography>
            <ipaTier form="model">
                <pg>
                    <w>ˈ eβ̞o</w>
                    <sb/>
                </pg>
            </ipaTier>
            <ipaTier form="actual">
                <pg>
                    <w></w>
                    <sb/>
                </pg>
            </ipaTier>
            <alignment type="segmental">
                <ag length="0"/>
            </alignment>
            <segment startTime="0.0" duration="0.0" unitType="ms"/>
            <notes tierName="Notes">32</notes>
            <flatTier tierName="Type">PA</flatTier>
        </u>
        <u id="cd2a345d-8288-482f-b948-f0bc558abec0" excludeFromSearches="false">
            <orthography>
                <g>
                    <w>Palillo</w>
                </g>
            </orthography>
            <ipaTier form="model">
                <pg>
                    <w>paˈli</w>
                    <w>o</w>
                    <sb>
                        <ph indexes="0" scType="O"/>
                        <ph indexes="1" scType="N" hiatus="true"/>
                        <ph indexes="2" scType="SS"/>
                        <ph indexes="3" scType="O"/>
                        <ph indexes="4" scType="N" hiatus="true"/>
                        <ph indexes="5" scType="WB"/>
                        <ph indexes="6" scType="N" hiatus="true"/>
                    </sb>
                </pg>
            </ipaTier>
            <ipaTier form="actual">
                <pg>
                    <w></w>
                    <sb/>
                </pg>
            </ipaTier>
            <alignment type="segmental">
                <ag length="5">
                    <phomap value="0 -1"/>
                    <phomap value="1 -1"/>
                    <phomap value="2 -1"/>
                    <phomap value="3 -1"/>
                    <phomap value="4 -1"/>
                </ag>
            </alignment>
            <segment startTime="0.0" duration="0.0" unitType="ms"/>
            <notes tierName="Notes">33</notes>
            <flatTier tierName="Type">PA</flatTier>
        </u>
        <u id="2bd9e23c-713f-483b-9c71-906db4f46b13" excludeFromSearches="false">
            <orthography>
                <g>
                    <w>Caballeto</w>
                </g>
            </orthography>
            <ipaTier form="model">
                <pg>
                    <w>kaβ̞aˈ eto</w>
                    <sb/>
                </pg>
            </ipaTier>
            <ipaTier form="actual">
                <pg>
                    <w></w>
                    <sb/>
                </pg>
            </ipaTier>
            <alignment type="segmental">
                <ag length="0"/>
            </alignment>
            <segment startTime="0.0" duration="0.0" unitType="ms"/>
            <notes tierName="Notes">34</notes>
            <flatTier tierName="Type">NPr</flatTier>
        </u>
        <u id="8da6a9b0-b79b-4acf-a803-332347e35242" excludeFromSearches="false">
            <orthography>
                <g>
                    <w>Lofedune</w>
                </g>
            </orthography>
            <ipaTier form="model">
                <pg>
                    <w>lofeˈ une</w>
                    <sb/>
                </pg>
            </ipaTier>
            <ipaTier form="actual">
                <pg>
                    <w></w>
                    <sb/>
                </pg>
            </ipaTier>
            <alignment type="segmental">
                <ag length="0"/>
            </alignment>
            <segment startTime="0.0" duration="0.0" unitType="ms"/>
            <notes tierName="Notes">35</notes>
            <flatTier tierName="Type">NPu</flatTier>
        </u>
        <u id="c32e8b31-d772-4407-89e6-29aa5bcb72bf" excludeFromSearches="false">
            <orthography>
                <g>
                    <w>Yato</w>
                </g>
            </orthography>
            <ipaTier form="model">
                <pg>
                    <w>ˈ ato</w>
                    <sb/>
                </pg>
            </ipaTier>
            <ipaTier form="actual">
                <pg>
                    <w></w>
                    <sb/>
                </pg>
            </ipaTier>
            <alignment type="segmental">
                <ag length="0"/>
            </alignment>
            <segment startTime="0.0" duration="0.0" unitType="ms"/>
            <notes tierName="Notes">36</notes>
            <flatTier tierName="Type">NPr</flatTier>
        </u>
        <u id="12572cdb-93df-474d-a32f-b67cc3b1972a" excludeFromSearches="false">
            <orthography>
                <g>
                    <w>Guicho</w>
                </g>
            </orthography>
            <ipaTier form="model">
                <pg>
                    <w>ˈgi</w>
                    <w>o</w>
                    <sb>
                        <ph indexes="0" scType="SS"/>
                        <ph indexes="1" scType="O"/>
                        <ph indexes="2" scType="N" hiatus="true"/>
                        <ph indexes="3" scType="WB"/>
                        <ph indexes="4" scType="N" hiatus="true"/>
                    </sb>
                </pg>
            </ipaTier>
            <ipaTier form="actual">
                <pg>
                    <w></w>
                    <sb/>
                </pg>
            </ipaTier>
            <alignment type="segmental">
                <ag length="3">
                    <phomap value="0 -1"/>
                    <phomap value="1 -1"/>
                    <phomap value="2 -1"/>
                </ag>
            </alignment>
            <segment startTime="0.0" duration="0.0" unitType="ms"/>
            <notes tierName="Notes">37</notes>
            <flatTier tierName="Type">NPr</flatTier>
        </u>
        <u id="07fb0b22-bb36-4755-9a29-c9d54cf2f6ba" excludeFromSearches="false">
            <orthography>
                <g>
                    <w>Pena</w>
                </g>
            </orthography>
            <ipaTier form="model">
                <pg>
                    <w>ˈpena</w>
                    <sb>
                        <ph indexes="0" scType="SS"/>
                        <ph indexes="1" scType="O"/>
                        <ph indexes="2" scType="N" hiatus="true"/>
                        <ph indexes="3" scType="O"/>
                        <ph indexes="4" scType="N" hiatus="true"/>
                    </sb>
                </pg>
            </ipaTier>
            <ipaTier form="actual">
                <pg>
                    <w></w>
                    <sb/>
                </pg>
            </ipaTier>
            <alignment type="segmental">
                <ag length="4">
                    <phomap value="0 -1"/>
                    <phomap value="1 -1"/>
                    <phomap value="2 -1"/>
                    <phomap value="3 -1"/>
                </ag>
            </alignment>
            <segment startTime="0.0" duration="0.0" unitType="ms"/>
            <notes tierName="Notes">38</notes>
            <flatTier tierName="Type">PA</flatTier>
        </u>
        <u id="5770b883-688a-4a06-8941-e6a914ab27d0" excludeFromSearches="false">
            <orthography>
                <g>
                    <w>Villa</w>
                </g>
            </orthography>
            <ipaTier form="model">
                <pg>
                    <w>ˈbi</w>
                    <w>a</w>
                    <sb>
                        <ph indexes="0" scType="SS"/>
                        <ph indexes="1" scType="O"/>
                        <ph indexes="2" scType="N" hiatus="true"/>
                        <ph indexes="3" scType="WB"/>
                        <ph indexes="4" scType="N" hiatus="true"/>
                    </sb>
                </pg>
            </ipaTier>
            <ipaTier form="actual">
                <pg>
                    <w></w>
                    <sb/>
                </pg>
            </ipaTier>
            <alignment type="segmental">
                <ag length="3">
                    <phomap value="0 -1"/>
                    <phomap value="1 -1"/>
                    <phomap value="2 -1"/>
                </ag>
            </alignment>
            <segment startTime="0.0" duration="0.0" unitType="ms"/>
            <notes tierName="Notes">39</notes>
            <flatTier tierName="Type">PA</flatTier>
        </u>
        <u id="db603939-2c4c-4ec6-bebd-de7846f62de9" excludeFromSearches="false">
            <orthography>
                <g>
                    <w>Tolle</w>
                </g>
            </orthography>
            <ipaTier form="model">
                <pg>
                    <w>ˈto</w>
                    <w>e</w>
                    <sb>
                        <ph indexes="0" scType="SS"/>
                        <ph indexes="1" scType="O"/>
                        <ph indexes="2" scType="N" hiatus="true"/>
                        <ph indexes="3" scType="WB"/>
                        <ph indexes="4" scType="N" hiatus="true"/>
                    </sb>
                </pg>
            </ipaTier>
            <ipaTier form="actual">
                <pg>
                    <w></w>
                    <sb/>
                </pg>
            </ipaTier>
            <alignment type="segmental">
                <ag length="3">
                    <phomap value="0 -1"/>
                    <phomap value="1 -1"/>
                    <phomap value="2 -1"/>
                </ag>
            </alignment>
            <segment startTime="0.0" duration="0.0" unitType="ms"/>
            <notes tierName="Notes">40</notes>
            <flatTier tierName="Type">NPr</flatTier>
        </u>
        <u id="9785ed21-52ea-4d00-adfd-b8bc8f4b3f07" excludeFromSearches="false">
            <orthography>
                <g>
                    <w>Febujo</w>
                </g>
            </orthography>
            <ipaTier form="model">
                <pg>
                    <w>feˈ u o</w>
                    <sb/>
                </pg>
            </ipaTier>
            <ipaTier form="actual">
                <pg>
                    <w></w>
                    <sb/>
                </pg>
            </ipaTier>
            <alignment type="segmental">
                <ag length="0"/>
            </alignment>
            <segment startTime="0.0" duration="0.0" unitType="ms"/>
            <notes tierName="Notes">41</notes>
            <flatTier tierName="Type">NPu</flatTier>
        </u>
        <u id="53bf2647-2773-44a5-95b2-029a766a6457" excludeFromSearches="false">
            <orthography>
                <g>
                    <w>Retirada</w>
                </g>
            </orthography>
            <ipaTier form="model">
                <pg>
                    <w>retiˈ a a</w>
                    <sb/>
                </pg>
            </ipaTier>
            <ipaTier form="actual">
                <pg>
                    <w></w>
                    <sb/>
                </pg>
            </ipaTier>
            <alignment type="segmental">
                <ag length="0"/>
            </alignment>
            <segment startTime="0.0" duration="0.0" unitType="ms"/>
            <notes tierName="Notes">42</notes>
            <flatTier tierName="Type">PA</flatTier>
        </u>
        <u id="12bf2c09-159a-4353-b9b3-23ffcf639a5a" excludeFromSearches="false">
            <orthography>
                <g>
                    <w>Numeso</w>
                </g>
            </orthography>
            <ipaTier form="model">
                <pg>
                    <w>nuˈmeso</w>
                    <sb>
                        <ph indexes="0" scType="O"/>
                        <ph indexes="1" scType="N" hiatus="true"/>
                        <ph indexes="2" scType="SS"/>
                        <ph indexes="3" scType="O"/>
                        <ph indexes="4" scType="N" hiatus="true"/>
                        <ph indexes="5" scType="O"/>
                        <ph indexes="6" scType="N" hiatus="true"/>
                    </sb>
                </pg>
            </ipaTier>
            <ipaTier form="actual">
                <pg>
                    <w></w>
                    <sb/>
                </pg>
            </ipaTier>
            <alignment type="segmental">
                <ag length="6">
                    <phomap value="0 -1"/>
                    <phomap value="1 -1"/>
                    <phomap value="2 -1"/>
                    <phomap value="3 -1"/>
                    <phomap value="4 -1"/>
                    <phomap value="5 -1"/>
                </ag>
            </alignment>
            <segment startTime="0.0" duration="0.0" unitType="ms"/>
            <notes tierName="Notes">43</notes>
            <flatTier tierName="Type">NPr</flatTier>
        </u>
        <u id="57eb2a33-4fac-442a-b5e0-ce25ff2abc2c" excludeFromSearches="false">
            <orthography>
                <g>
                    <w>Talebo</w>
                </g>
            </orthography>
            <ipaTier form="model">
                <pg>
                    <w>taˈle</w>
                    <w>o</w>
                    <sb>
                        <ph indexes="0" scType="O"/>
                        <ph indexes="1" scType="N" hiatus="true"/>
                        <ph indexes="2" scType="SS"/>
                        <ph indexes="3" scType="O"/>
                        <ph indexes="4" scType="N" hiatus="true"/>
                        <ph indexes="5" scType="WB"/>
                        <ph indexes="6" scType="N" hiatus="true"/>
                    </sb>
                </pg>
            </ipaTier>
            <ipaTier form="actual">
                <pg>
                    <w></w>
                    <sb/>
                </pg>
            </ipaTier>
            <alignment type="segmental">
                <ag length="5">
                    <phomap value="0 -1"/>
                    <phomap value="1 -1"/>
                    <phomap value="2 -1"/>
                    <phomap value="3 -1"/>
                    <phomap value="4 -1"/>
                </ag>
            </alignment>
            <segment startTime="0.0" duration="0.0" unitType="ms"/>
            <notes tierName="Notes">44</notes>
            <flatTier tierName="Type">NPr</flatTier>
        </u>
        <u id="c2aea9ab-067a-4c32-8ac2-5a711e0df1cb" excludeFromSearches="false">
            <orthography>
                <g>
                    <w>Medicina</w>
                </g>
            </orthography>
            <ipaTier form="model">
                <pg>
                    <w>mediˈ ina</w>
                    <sb/>
                </pg>
            </ipaTier>
            <ipaTier form="actual">
                <pg>
                    <w></w>
                    <sb/>
                </pg>
            </ipaTier>
            <alignment type="segmental">
                <ag length="0"/>
            </alignment>
            <segment startTime="0.0" duration="0.0" unitType="ms"/>
            <notes tierName="Notes">45</notes>
            <flatTier tierName="Type">PA</flatTier>
        </u>
        <u id="9e5d3ec3-01d9-42f0-84a1-dde31daf0cb6" excludeFromSearches="false">
            <orthography>
                <g>
                    <w>Cise</w>
                </g>
            </orthography>
            <ipaTier form="model">
                <pg>
                    <w>ˈ ise</w>
                    <sb/>
                </pg>
            </ipaTier>
            <ipaTier form="actual">
                <pg>
                    <w></w>
                    <sb/>
                </pg>
            </ipaTier>
            <alignment type="segmental">
                <ag length="0"/>
            </alignment>
            <segment startTime="0.0" duration="0.0" unitType="ms"/>
            <notes tierName="Notes">46</notes>
            <flatTier tierName="Type">NPr</flatTier>
        </u>
        <u id="518532db-fda1-4c8b-a106-0a9adc35f619" excludeFromSearches="false">
            <orthography>
                <g>
                    <w>Feji</w>
                </g>
            </orthography>
            <ipaTier form="model">
                <pg>
                    <w>ˈfexi</w>
                    <sb>
                        <ph indexes="0" scType="SS"/>
                        <ph indexes="1" scType="O"/>
                        <ph indexes="2" scType="N" hiatus="true"/>
                        <ph indexes="3" scType="O"/>
                        <ph indexes="4" scType="N" hiatus="true"/>
                    </sb>
                </pg>
            </ipaTier>
            <ipaTier form="actual">
                <pg>
                    <w></w>
                    <sb/>
                </pg>
            </ipaTier>
            <alignment type="segmental">
                <ag length="4">
                    <phomap value="0 -1"/>
                    <phomap value="1 -1"/>
                    <phomap value="2 -1"/>
                    <phomap value="3 -1"/>
                </ag>
            </alignment>
            <segment startTime="0.0" duration="0.0" unitType="ms"/>
            <notes tierName="Notes">47</notes>
            <flatTier tierName="Type">NPu</flatTier>
        </u>
        <u id="8e86f29d-4ee7-42b6-a420-99e0ca4dc488" excludeFromSearches="false">
            <orthography>
                <g>
                    <w>Bifupesi</w>
                </g>
            </orthography>
            <ipaTier form="model">
                <pg>
                    <w>bifuˈpesi</w>
                    <sb>
                        <ph indexes="0" scType="O"/>
                        <ph indexes="1" scType="N" hiatus="true"/>
                        <ph indexes="2" scType="O"/>
                        <ph indexes="3" scType="N" hiatus="true"/>
                        <ph indexes="4" scType="SS"/>
                        <ph indexes="5" scType="O"/>
                        <ph indexes="6" scType="N" hiatus="true"/>
                        <ph indexes="7" scType="O"/>
                        <ph indexes="8" scType="N" hiatus="true"/>
                    </sb>
                </pg>
            </ipaTier>
            <ipaTier form="actual">
                <pg>
                    <w></w>
                    <sb/>
                </pg>
            </ipaTier>
            <alignment type="segmental">
                <ag length="8">
                    <phomap value="0 -1"/>
                    <phomap value="1 -1"/>
                    <phomap value="2 -1"/>
                    <phomap value="3 -1"/>
                    <phomap value="4 -1"/>
                    <phomap value="5 -1"/>
                    <phomap value="6 -1"/>
                    <phomap value="7 -1"/>
                </ag>
            </alignment>
            <segment startTime="0.0" duration="0.0" unitType="ms"/>
            <notes tierName="Notes">48</notes>
            <flatTier tierName="Type">NPu</flatTier>
        </u>
    </transcript>
</session>
