<?xml version="1.0" encoding="UTF-8" standalone="yes"?>
<session xmlns="http://phon.ling.mun.ca/ns/phonbank" id="Reso2" corpus="Plantillas" version="PB1.2">
    <header>
        <date>2019-05-14</date>
    </header>
    <participants/>
    <transcribers/>
    <userTiers/>
    <tierOrder>
        <tier tierName="Orthography" visible="true" locked="false" font="default"/>
        <tier tierName="IPA Target" visible="true" locked="false" font="default"/>
        <tier tierName="IPA Actual" visible="true" locked="false" font="default"/>
        <tier tierName="Notes" visible="true" locked="false" font="default"/>
        <tier tierName="Segment" visible="true" locked="false" font="default"/>
    </tierOrder>
    <transcript>
        <u id="9de2648f-8f29-4b4c-b431-60b7f9546631" excludeFromSearches="false">
            <orthography>
                <g>
                    <w>Actitud</w>
                </g>
            </orthography>
            <ipaTier form="model">
                <pg>
                    <w></w>
                    <sb/>
                </pg>
            </ipaTier>
            <ipaTier form="actual">
                <pg>
                    <w></w>
                    <sb/>
                </pg>
            </ipaTier>
            <alignment type="segmental">
                <ag length="0"/>
            </alignment>
            <segment startTime="0.0" duration="0.0" unitType="ms"/>
            <notes tierName="Notes">1</notes>
        </u>
        <u id="39ab1180-9341-40ab-8889-da65c8ff1606" excludeFromSearches="false">
            <orthography>
                <g>
                    <w>Ceniza</w>
                </g>
            </orthography>
            <ipaTier form="model">
                <pg>
                    <w></w>
                    <sb/>
                </pg>
            </ipaTier>
            <ipaTier form="actual">
                <pg>
                    <w></w>
                    <sb/>
                </pg>
            </ipaTier>
            <alignment type="segmental">
                <ag length="0"/>
            </alignment>
            <segment startTime="0.0" duration="0.0" unitType="ms"/>
            <notes tierName="Notes">2</notes>
        </u>
        <u id="1492327d-165e-4938-9b4b-969af4bb0ac8" excludeFromSearches="false">
            <orthography>
                <g>
                    <w>Escuela</w>
                </g>
            </orthography>
            <ipaTier form="model">
                <pg>
                    <w></w>
                    <sb/>
                </pg>
            </ipaTier>
            <ipaTier form="actual">
                <pg>
                    <w></w>
                    <sb/>
                </pg>
            </ipaTier>
            <alignment type="segmental">
                <ag length="0"/>
            </alignment>
            <segment startTime="0.0" duration="0.0" unitType="ms"/>
            <notes tierName="Notes">3</notes>
        </u>
        <u id="8638ad6c-6415-4c6b-a305-fd0f4537f02c" excludeFromSearches="false">
            <orthography>
                <g>
                    <w>Hacha</w>
                </g>
            </orthography>
            <ipaTier form="model">
                <pg>
                    <w></w>
                    <sb/>
                </pg>
            </ipaTier>
            <ipaTier form="actual">
                <pg>
                    <w></w>
                    <sb/>
                </pg>
            </ipaTier>
            <alignment type="segmental">
                <ag length="0"/>
            </alignment>
            <segment startTime="0.0" duration="0.0" unitType="ms"/>
            <notes tierName="Notes">4</notes>
        </u>
        <u id="0548ce5c-2e91-44b3-b559-e18894223845" excludeFromSearches="false">
            <orthography>
                <g>
                    <w>Lema</w>
                </g>
            </orthography>
            <ipaTier form="model">
                <pg>
                    <w></w>
                    <sb/>
                </pg>
            </ipaTier>
            <ipaTier form="actual">
                <pg>
                    <w></w>
                    <sb/>
                </pg>
            </ipaTier>
            <alignment type="segmental">
                <ag length="0"/>
            </alignment>
            <segment startTime="0.0" duration="0.0" unitType="ms"/>
            <notes tierName="Notes">5</notes>
        </u>
        <u id="27b4f20b-9586-4ca3-90be-27b6c59baccc" excludeFromSearches="false">
            <orthography>
                <g>
                    <w>Lealtad</w>
                </g>
            </orthography>
            <ipaTier form="model">
                <pg>
                    <w></w>
                    <sb/>
                </pg>
            </ipaTier>
            <ipaTier form="actual">
                <pg>
                    <w></w>
                    <sb/>
                </pg>
            </ipaTier>
            <alignment type="segmental">
                <ag length="0"/>
            </alignment>
            <segment startTime="0.0" duration="0.0" unitType="ms"/>
            <notes tierName="Notes">6</notes>
        </u>
        <u id="6c311177-3220-4b8d-b467-bdc15a87f02e" excludeFromSearches="false">
            <orthography>
                <g>
                    <w>Hecho</w>
                </g>
            </orthography>
            <ipaTier form="model">
                <pg>
                    <w></w>
                    <sb/>
                </pg>
            </ipaTier>
            <ipaTier form="actual">
                <pg>
                    <w></w>
                    <sb/>
                </pg>
            </ipaTier>
            <alignment type="segmental">
                <ag length="0"/>
            </alignment>
            <segment startTime="0.0" duration="0.0" unitType="ms"/>
            <notes tierName="Notes">7</notes>
        </u>
        <u id="348bd06a-bdc1-4bf1-b219-7f8cb125e81c" excludeFromSearches="false">
            <orthography>
                <g>
                    <w>Matrimonio</w>
                </g>
            </orthography>
            <ipaTier form="model">
                <pg>
                    <w></w>
                    <sb/>
                </pg>
            </ipaTier>
            <ipaTier form="actual">
                <pg>
                    <w></w>
                    <sb/>
                </pg>
            </ipaTier>
            <alignment type="segmental">
                <ag length="0"/>
            </alignment>
            <segment startTime="0.0" duration="0.0" unitType="ms"/>
            <notes tierName="Notes">8</notes>
        </u>
        <u id="669a015a-ed78-4d7d-8d14-b4f8f7d0db65" excludeFromSearches="false">
            <orthography>
                <g>
                    <w>Hotel</w>
                </g>
            </orthography>
            <ipaTier form="model">
                <pg>
                    <w></w>
                    <sb/>
                </pg>
            </ipaTier>
            <ipaTier form="actual">
                <pg>
                    <w></w>
                    <sb/>
                </pg>
            </ipaTier>
            <alignment type="segmental">
                <ag length="0"/>
            </alignment>
            <segment startTime="0.0" duration="0.0" unitType="ms"/>
            <notes tierName="Notes">9</notes>
        </u>
        <u id="6b1186c9-48dd-4380-9313-952da53dcd6d" excludeFromSearches="false">
            <orthography>
                <g>
                    <w>Momento</w>
                </g>
            </orthography>
            <ipaTier form="model">
                <pg>
                    <w></w>
                    <sb/>
                </pg>
            </ipaTier>
            <ipaTier form="actual">
                <pg>
                    <w></w>
                    <sb/>
                </pg>
            </ipaTier>
            <alignment type="segmental">
                <ag length="0"/>
            </alignment>
            <segment startTime="0.0" duration="0.0" unitType="ms"/>
            <notes tierName="Notes">10</notes>
        </u>
        <u id="16679ed4-0eb4-449f-9de8-fb3542593a85" excludeFromSearches="false">
            <orthography>
                <g>
                    <w>Naipe</w>
                </g>
            </orthography>
            <ipaTier form="model">
                <pg>
                    <w></w>
                    <sb/>
                </pg>
            </ipaTier>
            <ipaTier form="actual">
                <pg>
                    <w></w>
                    <sb/>
                </pg>
            </ipaTier>
            <alignment type="segmental">
                <ag length="0"/>
            </alignment>
            <segment startTime="0.0" duration="0.0" unitType="ms"/>
            <notes tierName="Notes">11</notes>
        </u>
        <u id="5df6aa47-7349-43a2-8684-e3d211621a88" excludeFromSearches="false">
            <orthography>
                <g>
                    <w>Idea</w>
                </g>
            </orthography>
            <ipaTier form="model">
                <pg>
                    <w></w>
                    <sb/>
                </pg>
            </ipaTier>
            <ipaTier form="actual">
                <pg>
                    <w></w>
                    <sb/>
                </pg>
            </ipaTier>
            <alignment type="segmental">
                <ag length="0"/>
            </alignment>
            <segment startTime="0.0" duration="0.0" unitType="ms"/>
            <notes tierName="Notes">12</notes>
        </u>
        <u id="438ba76e-e53b-4c37-b53c-59071549209c" excludeFromSearches="false">
            <orthography>
                <g>
                    <w>Iglesia</w>
                </g>
            </orthography>
            <ipaTier form="model">
                <pg>
                    <w></w>
                    <sb/>
                </pg>
            </ipaTier>
            <ipaTier form="actual">
                <pg>
                    <w></w>
                    <sb/>
                </pg>
            </ipaTier>
            <alignment type="segmental">
                <ag length="0"/>
            </alignment>
            <segment startTime="0.0" duration="0.0" unitType="ms"/>
            <notes tierName="Notes">13</notes>
        </u>
        <u id="82cd6132-3785-4e8e-9647-540b6af03dd8" excludeFromSearches="false">
            <orthography>
                <g>
                    <w>Longitud</w>
                </g>
            </orthography>
            <ipaTier form="model">
                <pg>
                    <w></w>
                    <sb/>
                </pg>
            </ipaTier>
            <ipaTier form="actual">
                <pg>
                    <w></w>
                    <sb/>
                </pg>
            </ipaTier>
            <alignment type="segmental">
                <ag length="0"/>
            </alignment>
            <segment startTime="0.0" duration="0.0" unitType="ms"/>
            <notes tierName="Notes">14</notes>
        </u>
        <u id="0effdfcf-c480-4b36-a2ee-0b8059d288d1" excludeFromSearches="false">
            <orthography>
                <g>
                    <w>Pendiente</w>
                </g>
            </orthography>
            <ipaTier form="model">
                <pg>
                    <w></w>
                    <sb/>
                </pg>
            </ipaTier>
            <ipaTier form="actual">
                <pg>
                    <w></w>
                    <sb/>
                </pg>
            </ipaTier>
            <alignment type="segmental">
                <ag length="0"/>
            </alignment>
            <segment startTime="0.0" duration="0.0" unitType="ms"/>
            <notes tierName="Notes">15</notes>
        </u>
        <u id="7fdb956e-eb4b-44c7-a0c5-b97015fbbf4e" excludeFromSearches="false">
            <orthography>
                <g>
                    <w>Pereza</w>
                </g>
            </orthography>
            <ipaTier form="model">
                <pg>
                    <w></w>
                    <sb/>
                </pg>
            </ipaTier>
            <ipaTier form="actual">
                <pg>
                    <w></w>
                    <sb/>
                </pg>
            </ipaTier>
            <alignment type="segmental">
                <ag length="0"/>
            </alignment>
            <segment startTime="0.0" duration="0.0" unitType="ms"/>
            <notes tierName="Notes">16</notes>
        </u>
        <u id="ce2482ef-8e3d-4926-bd2c-e5163edfb32e" excludeFromSearches="false">
            <orthography>
                <g>
                    <w>Mano</w>
                </g>
            </orthography>
            <ipaTier form="model">
                <pg>
                    <w></w>
                    <sb/>
                </pg>
            </ipaTier>
            <ipaTier form="actual">
                <pg>
                    <w></w>
                    <sb/>
                </pg>
            </ipaTier>
            <alignment type="segmental">
                <ag length="0"/>
            </alignment>
            <segment startTime="0.0" duration="0.0" unitType="ms"/>
            <notes tierName="Notes">17</notes>
        </u>
        <u id="bee51378-e82d-45ae-8246-43188cd6792b" excludeFromSearches="false">
            <orthography>
                <g>
                    <w>Obrero</w>
                </g>
            </orthography>
            <ipaTier form="model">
                <pg>
                    <w></w>
                    <sb/>
                </pg>
            </ipaTier>
            <ipaTier form="actual">
                <pg>
                    <w></w>
                    <sb/>
                </pg>
            </ipaTier>
            <alignment type="segmental">
                <ag length="0"/>
            </alignment>
            <segment startTime="0.0" duration="0.0" unitType="ms"/>
            <notes tierName="Notes">18</notes>
        </u>
        <u id="17b50793-4aa5-4c07-b9aa-ac859a252dd3" excludeFromSearches="false">
            <orthography>
                <g>
                    <w>Medalla</w>
                </g>
            </orthography>
            <ipaTier form="model">
                <pg>
                    <w></w>
                    <sb/>
                </pg>
            </ipaTier>
            <ipaTier form="actual">
                <pg>
                    <w></w>
                    <sb/>
                </pg>
            </ipaTier>
            <alignment type="segmental">
                <ag length="0"/>
            </alignment>
            <segment startTime="0.0" duration="0.0" unitType="ms"/>
            <notes tierName="Notes">19</notes>
        </u>
        <u id="9805fc20-c6f8-4264-a9d6-66025a40c7e0" excludeFromSearches="false">
            <orthography>
                <g>
                    <w>Noche</w>
                </g>
            </orthography>
            <ipaTier form="model">
                <pg>
                    <w></w>
                    <sb/>
                </pg>
            </ipaTier>
            <ipaTier form="actual">
                <pg>
                    <w></w>
                    <sb/>
                </pg>
            </ipaTier>
            <alignment type="segmental">
                <ag length="0"/>
            </alignment>
            <segment startTime="0.0" duration="0.0" unitType="ms"/>
            <notes tierName="Notes">20</notes>
        </u>
        <u id="99cd32bb-18a4-4ea7-bc2f-0d373acb0c44" excludeFromSearches="false">
            <orthography>
                <g>
                    <w>Voluntad</w>
                </g>
            </orthography>
            <ipaTier form="model">
                <pg>
                    <w></w>
                    <sb/>
                </pg>
            </ipaTier>
            <ipaTier form="actual">
                <pg>
                    <w></w>
                    <sb/>
                </pg>
            </ipaTier>
            <alignment type="segmental">
                <ag length="0"/>
            </alignment>
            <segment startTime="0.0" duration="0.0" unitType="ms"/>
            <notes tierName="Notes">21</notes>
        </u>
        <u id="4a106d78-a936-44e7-b34c-c71a782b3e1a" excludeFromSearches="false">
            <orthography>
                <g>
                    <w>Ente</w>
                </g>
            </orthography>
            <ipaTier form="model">
                <pg>
                    <w></w>
                    <sb/>
                </pg>
            </ipaTier>
            <ipaTier form="actual">
                <pg>
                    <w></w>
                    <sb/>
                </pg>
            </ipaTier>
            <alignment type="segmental">
                <ag length="0"/>
            </alignment>
            <segment startTime="0.0" duration="0.0" unitType="ms"/>
            <notes tierName="Notes">22</notes>
        </u>
        <u id="291c2de5-9258-4285-ae93-285e7a4a937f" excludeFromSearches="false">
            <orthography>
                <g>
                    <w>Espina</w>
                </g>
            </orthography>
            <ipaTier form="model">
                <pg>
                    <w></w>
                    <sb/>
                </pg>
            </ipaTier>
            <ipaTier form="actual">
                <pg>
                    <w></w>
                    <sb/>
                </pg>
            </ipaTier>
            <alignment type="segmental">
                <ag length="0"/>
            </alignment>
            <segment startTime="0.0" duration="0.0" unitType="ms"/>
            <notes tierName="Notes">23</notes>
        </u>
        <u id="92841f50-4c57-4788-895f-c24aee6dd6ab" excludeFromSearches="false">
            <orthography>
                <g>
                    <w>Plantel</w>
                </g>
            </orthography>
            <ipaTier form="model">
                <pg>
                    <w></w>
                    <sb/>
                </pg>
            </ipaTier>
            <ipaTier form="actual">
                <pg>
                    <w></w>
                    <sb/>
                </pg>
            </ipaTier>
            <alignment type="segmental">
                <ag length="0"/>
            </alignment>
            <segment startTime="0.0" duration="0.0" unitType="ms"/>
            <notes tierName="Notes">24</notes>
        </u>
        <u id="713e7bb3-df35-4fa0-9b49-b91a38a038e1" excludeFromSearches="false">
            <orthography>
                <g>
                    <w>Cebolla</w>
                </g>
            </orthography>
            <ipaTier form="model">
                <pg>
                    <w></w>
                    <sb/>
                </pg>
            </ipaTier>
            <ipaTier form="actual">
                <pg>
                    <w></w>
                    <sb/>
                </pg>
            </ipaTier>
            <alignment type="segmental">
                <ag length="0"/>
            </alignment>
            <segment startTime="0.0" duration="0.0" unitType="ms"/>
            <notes tierName="Notes">25</notes>
        </u>
        <u id="d00a6b5a-c8f8-4ef6-b208-c9206f4b4b58" excludeFromSearches="false">
            <orthography>
                <g>
                    <w>Alcalde</w>
                </g>
            </orthography>
            <ipaTier form="model">
                <pg>
                    <w></w>
                    <sb/>
                </pg>
            </ipaTier>
            <ipaTier form="actual">
                <pg>
                    <w></w>
                    <sb/>
                </pg>
            </ipaTier>
            <alignment type="segmental">
                <ag length="0"/>
            </alignment>
            <segment startTime="0.0" duration="0.0" unitType="ms"/>
            <notes tierName="Notes">26</notes>
        </u>
        <u id="abd13c8a-87f2-4af8-9578-8db0c4bbdf7d" excludeFromSearches="false">
            <orthography>
                <g>
                    <w>Aldea</w>
                </g>
            </orthography>
            <ipaTier form="model">
                <pg>
                    <w></w>
                    <sb/>
                </pg>
            </ipaTier>
            <ipaTier form="actual">
                <pg>
                    <w></w>
                    <sb/>
                </pg>
            </ipaTier>
            <alignment type="segmental">
                <ag length="0"/>
            </alignment>
            <segment startTime="0.0" duration="0.0" unitType="ms"/>
            <notes tierName="Notes">27</notes>
        </u>
        <u id="f6ea21de-0253-4ba0-bf2a-0898b8501c77" excludeFromSearches="false">
            <orthography>
                <g>
                    <w>Carreta</w>
                </g>
            </orthography>
            <ipaTier form="model">
                <pg>
                    <w></w>
                    <sb/>
                </pg>
            </ipaTier>
            <ipaTier form="actual">
                <pg>
                    <w></w>
                    <sb/>
                </pg>
            </ipaTier>
            <alignment type="segmental">
                <ag length="0"/>
            </alignment>
            <segment startTime="0.0" duration="0.0" unitType="ms"/>
            <notes tierName="Notes">28</notes>
        </u>
        <u id="7771ad6a-616d-4366-8716-871a7e69633b" excludeFromSearches="false">
            <orthography>
                <g>
                    <w>Piedra</w>
                </g>
            </orthography>
            <ipaTier form="model">
                <pg>
                    <w></w>
                    <sb/>
                </pg>
            </ipaTier>
            <ipaTier form="actual">
                <pg>
                    <w></w>
                    <sb/>
                </pg>
            </ipaTier>
            <alignment type="segmental">
                <ag length="0"/>
            </alignment>
            <segment startTime="0.0" duration="0.0" unitType="ms"/>
            <notes tierName="Notes">29</notes>
        </u>
        <u id="f13c063d-7b8a-4fc8-a9d7-6523a484203e" excludeFromSearches="false">
            <orthography>
                <g>
                    <w>Farsa</w>
                </g>
            </orthography>
            <ipaTier form="model">
                <pg>
                    <w></w>
                    <sb/>
                </pg>
            </ipaTier>
            <ipaTier form="actual">
                <pg>
                    <w></w>
                    <sb/>
                </pg>
            </ipaTier>
            <alignment type="segmental">
                <ag length="0"/>
            </alignment>
            <segment startTime="0.0" duration="0.0" unitType="ms"/>
            <notes tierName="Notes">30</notes>
        </u>
        <u id="e52d4c82-e38e-48a7-8fdf-30e8335e01aa" excludeFromSearches="false">
            <orthography>
                <g>
                    <w>Ejército</w>
                </g>
            </orthography>
            <ipaTier form="model">
                <pg>
                    <w></w>
                    <sb/>
                </pg>
            </ipaTier>
            <ipaTier form="actual">
                <pg>
                    <w></w>
                    <sb/>
                </pg>
            </ipaTier>
            <alignment type="segmental">
                <ag length="0"/>
            </alignment>
            <segment startTime="0.0" duration="0.0" unitType="ms"/>
            <notes tierName="Notes">31</notes>
        </u>
        <u id="a68fcb9b-16ed-4e7b-bc7f-db8e73a6b5cd" excludeFromSearches="false">
            <orthography>
                <g>
                    <w>Granja</w>
                </g>
            </orthography>
            <ipaTier form="model">
                <pg>
                    <w></w>
                    <sb/>
                </pg>
            </ipaTier>
            <ipaTier form="actual">
                <pg>
                    <w></w>
                    <sb/>
                </pg>
            </ipaTier>
            <alignment type="segmental">
                <ag length="0"/>
            </alignment>
            <segment startTime="0.0" duration="0.0" unitType="ms"/>
            <notes tierName="Notes">32</notes>
        </u>
        <u id="58fc875f-a065-41ab-b3f2-2fe56ec433fd" excludeFromSearches="false">
            <orthography>
                <g>
                    <w>Ofensa</w>
                </g>
            </orthography>
            <ipaTier form="model">
                <pg>
                    <w></w>
                    <sb/>
                </pg>
            </ipaTier>
            <ipaTier form="actual">
                <pg>
                    <w></w>
                    <sb/>
                </pg>
            </ipaTier>
            <alignment type="segmental">
                <ag length="0"/>
            </alignment>
            <segment startTime="0.0" duration="0.0" unitType="ms"/>
            <notes tierName="Notes">33</notes>
        </u>
        <u id="a312ce58-0317-4cde-a580-ca00f71155b5" excludeFromSearches="false">
            <orthography>
                <g>
                    <w>Coraje</w>
                </g>
            </orthography>
            <ipaTier form="model">
                <pg>
                    <w></w>
                    <sb/>
                </pg>
            </ipaTier>
            <ipaTier form="actual">
                <pg>
                    <w></w>
                    <sb/>
                </pg>
            </ipaTier>
            <alignment type="segmental">
                <ag length="0"/>
            </alignment>
            <segment startTime="0.0" duration="0.0" unitType="ms"/>
            <notes tierName="Notes">34</notes>
        </u>
        <u id="54e24e7d-4bbf-42d1-b526-9536962b06f2" excludeFromSearches="false">
            <orthography>
                <g>
                    <w>Elefante</w>
                </g>
            </orthography>
            <ipaTier form="model">
                <pg>
                    <w></w>
                    <sb/>
                </pg>
            </ipaTier>
            <ipaTier form="actual">
                <pg>
                    <w></w>
                    <sb/>
                </pg>
            </ipaTier>
            <alignment type="segmental">
                <ag length="0"/>
            </alignment>
            <segment startTime="0.0" duration="0.0" unitType="ms"/>
            <notes tierName="Notes">35</notes>
        </u>
        <u id="a44c2036-c407-49b1-b8e9-86a5353f6ae8" excludeFromSearches="false">
            <orthography>
                <g>
                    <w>Fuego</w>
                </g>
            </orthography>
            <ipaTier form="model">
                <pg>
                    <w></w>
                    <sb/>
                </pg>
            </ipaTier>
            <ipaTier form="actual">
                <pg>
                    <w></w>
                    <sb/>
                </pg>
            </ipaTier>
            <alignment type="segmental">
                <ag length="0"/>
            </alignment>
            <segment startTime="0.0" duration="0.0" unitType="ms"/>
            <notes tierName="Notes">36</notes>
        </u>
        <u id="df8c2d9a-e710-44c1-b1f7-06103abe859b" excludeFromSearches="false">
            <orthography>
                <g>
                    <w>Rosal</w>
                </g>
            </orthography>
            <ipaTier form="model">
                <pg>
                    <w></w>
                    <sb/>
                </pg>
            </ipaTier>
            <ipaTier form="actual">
                <pg>
                    <w></w>
                    <sb/>
                </pg>
            </ipaTier>
            <alignment type="segmental">
                <ag length="0"/>
            </alignment>
            <segment startTime="0.0" duration="0.0" unitType="ms"/>
            <notes tierName="Notes">37</notes>
        </u>
        <u id="8b8e94a2-10c6-48b9-9258-171ee0cc377d" excludeFromSearches="false">
            <orthography>
                <g>
                    <w>Carta</w>
                </g>
            </orthography>
            <ipaTier form="model">
                <pg>
                    <w></w>
                    <sb/>
                </pg>
            </ipaTier>
            <ipaTier form="actual">
                <pg>
                    <w></w>
                    <sb/>
                </pg>
            </ipaTier>
            <alignment type="segmental">
                <ag length="0"/>
            </alignment>
            <segment startTime="0.0" duration="0.0" unitType="ms"/>
            <notes tierName="Notes">38</notes>
        </u>
        <u id="350e8ddc-5812-4828-947d-5bddb93f21b9" excludeFromSearches="false">
            <orthography>
                <g>
                    <w>Cuadro</w>
                </g>
            </orthography>
            <ipaTier form="model">
                <pg>
                    <w></w>
                    <sb/>
                </pg>
            </ipaTier>
            <ipaTier form="actual">
                <pg>
                    <w></w>
                    <sb/>
                </pg>
            </ipaTier>
            <alignment type="segmental">
                <ag length="0"/>
            </alignment>
            <segment startTime="0.0" duration="0.0" unitType="ms"/>
            <notes tierName="Notes">39</notes>
        </u>
        <u id="78a8abfc-8c86-4033-9edb-99036970c54e" excludeFromSearches="false">
            <orthography>
                <g>
                    <w>Ventana</w>
                </g>
            </orthography>
            <ipaTier form="model">
                <pg>
                    <w></w>
                    <sb/>
                </pg>
            </ipaTier>
            <ipaTier form="actual">
                <pg>
                    <w></w>
                    <sb/>
                </pg>
            </ipaTier>
            <alignment type="segmental">
                <ag length="0"/>
            </alignment>
            <segment startTime="0.0" duration="0.0" unitType="ms"/>
            <notes tierName="Notes">40</notes>
        </u>
    </transcript>
</session>
